Workbook

Sheet TargetRealisasiPelatihan
A1: No | B1: Jenis Pelatihan | C1: Target Pelatihan | D1: Realisasi Pelatihan | G1: Realisasi Anggaran | H1: Target | I1: Persen | L1: No | M1: Program Pelatihan | N1: Target Pelatihan | O1: Realisasi Pelatihan | Q1: Kegiatan | R1: Target Pelatihan | S1: Realisasi Pelatihan
A2: 1 | B2: =IFERROR(__xludf.DUMMYFUNCTION("IMPORTRANGE(""https://docs.google.com/spreadsheets/d/1gOuC86bPcKRp_ezDVZ2jC8qSfdua3mXaPnAXFkKjDdI/edit?gid=1300176874#gid=1300176874"",""TargetRealisasi!B2:D"")"),"PBK") -> PBK | C2: =IFERROR(__xludf.DUMMYFUNCTION("""COMPUTED_VALUE"""),576.0) -> 576 | D2: =IFERROR(__xludf.DUMMYFUNCTION("""COMPUTED_VALUE"""),284.0) -> 284 | G2: =IFERROR(__xludf.DUMMYFUNCTION("IMPORTRANGE(""https://docs.google.com/spreadsheets/d/1gOuC86bPcKRp_ezDVZ2jC8qSfdua3mXaPnAXFkKjDdI/edit?gid=1300176874#gid=1300176874"",""TargetRealisasi!F2:H"")"),"Pagu (My Intress)") -> Pagu (My Intress) | H2: =IFERROR(__xludf.DUMMYFUNCTION("""COMPUTED_VALUE"""),5.8460407E10) -> 58460407000 | I2: =IFERROR(__xludf.DUMMYFUNCTION("""COMPUTED_VALUE"""),1.0) -> 1 | L2: 1 | M2: =IFERROR(__xludf.DUMMYFUNCTION("IMPORTRANGE(""https://docs.google.com/spreadsheets/d/1gOuC86bPcKRp_ezDVZ2jC8qSfdua3mXaPnAXFkKjDdI/edit?gid=1300176874#gid=1300176874"",""TargetRealisasi!L2:N"")"),"Sertifikasi") -> Sertifikasi | N2: =IFERROR(__xludf.DUMMYFUNCTION("""COMPUTED_VALUE"""),1728.0) -> 1728 | O2: =IFERROR(__xludf.DUMMYFUNCTION("""COMPUTED_VALUE"""),1459.0) -> 1459 | Q2: =IFERROR(__xludf.DUMMYFUNCTION("IMPORTRANGE(""https://docs.google.com/spreadsheets/d/1gOuC86bPcKRp_ezDVZ2jC8qSfdua3mXaPnAXFkKjDdI/edit?gid=1300176874#gid=1300176874"",""TargetRealisasi!P2:R"")"),"4053 [Pengembangan Sistem dan Pelaksanaan Sertifikasi Kompetensi Profesi Binalavotas") -> 4053 [Pengembangan Sistem dan Pelaksanaan Sertifikasi Kompetensi Profesi Binalavotas | R2: =IFERROR(__xludf.DUMMYFUNCTION("""COMPUTED_VALUE"""),3.651418E9) -> 3651418000 | S2: =IFERROR(__xludf.DUMMYFUNCTION("""COMPUTED_VALUE"""),1.859E7) -> 18590000
A3: 2 | B3: =IFERROR(__xludf.DUMMYFUNCTION("""COMPUTED_VALUE"""),"PBL") -> PBL | C3: =IFERROR(__xludf.DUMMYFUNCTION("""COMPUTED_VALUE"""),320.0) -> 320 | D3: =IFERROR(__xludf.DUMMYFUNCTION("""COMPUTED_VALUE"""),78.0) -> 78 | G3: =IFERROR(__xludf.DUMMYFUNCTION("""COMPUTED_VALUE"""),"Pagu Blokir") -> Pagu Blokir | H3: =IFERROR(__xludf.DUMMYFUNCTION("""COMPUTED_VALUE"""),7.4269E7) -> 74269000 | I3: =IFERROR(__xludf.DUMMYFUNCTION("""COMPUTED_VALUE"""),0.0012704153770260272) -> 0.0012704154 | L3: 2 | M3: =IFERROR(__xludf.DUMMYFUNCTION("""COMPUTED_VALUE"""),"Program Bantuan") -> Program Bantuan | Q3: =IFERROR(__xludf.DUMMYFUNCTION("""COMPUTED_VALUE"""),"4057 [Peningkatan Penyelenggaraan Pelatihan Vokasi dan Pemagangan Binalavotas") -> 4057 [Peningkatan Penyelenggaraan Pelatihan Vokasi dan Pemagangan Binalavotas | R3: =IFERROR(__xludf.DUMMYFUNCTION("""COMPUTED_VALUE"""),4.1097245E10) -> 41097245000 | S3: =IFERROR(__xludf.DUMMYFUNCTION("""COMPUTED_VALUE"""),3.22344854E8) -> 322344854
A4: 3 | B4: =IFERROR(__xludf.DUMMYFUNCTION("""COMPUTED_VALUE"""),"TMT") -> TMT | C4: =IFERROR(__xludf.DUMMYFUNCTION("""COMPUTED_VALUE"""),871.0) -> 871 | D4: =IFERROR(__xludf.DUMMYFUNCTION("""COMPUTED_VALUE"""),235.0) -> 235 | G4: =IFERROR(__xludf.DUMMYFUNCTION("""COMPUTED_VALUE"""),"Pagu Setelah Blokir") -> Pagu Setelah Blokir | H4: =IFERROR(__xludf.DUMMYFUNCTION("""COMPUTED_VALUE"""),5.8386138E10) -> 58386138000 | I4: =IFERROR(__xludf.DUMMYFUNCTION("""COMPUTED_VALUE"""),0.998729584622974) -> 0.99872958 | L4: 3 | M4: =IFERROR(__xludf.DUMMYFUNCTION("""COMPUTED_VALUE"""),"Produktivitas") -> Produktivitas | N4: =IFERROR(__xludf.DUMMYFUNCTION("""COMPUTED_VALUE"""),25.0) -> 25 | Q4: =IFERROR(__xludf.DUMMYFUNCTION("""COMPUTED_VALUE"""),"4059 [Pengembangan dan Peningkatan Produktivitas Tenaga Kerja Binalavotas") -> 4059 [Pengembangan dan Peningkatan Produktivitas Tenaga Kerja Binalavotas | R4: =IFERROR(__xludf.DUMMYFUNCTION("""COMPUTED_VALUE"""),1.37864E8) -> 137864000 | S4: =IFERROR(__xludf.DUMMYFUNCTION("""COMPUTED_VALUE"""),0.0) -> 0
A5: 4 | B5: =IFERROR(__xludf.DUMMYFUNCTION("""COMPUTED_VALUE"""),"UPTD BInaan") -> UPTD BInaan | C5: =IFERROR(__xludf.DUMMYFUNCTION("""COMPUTED_VALUE"""),368.0) -> 368 | D5: =IFERROR(__xludf.DUMMYFUNCTION("""COMPUTED_VALUE"""),0.0) -> 0 | G5: =IFERROR(__xludf.DUMMYFUNCTION("""COMPUTED_VALUE"""),"Target Penerimaan PNBP") -> Target Penerimaan PNBP | H5: =IFERROR(__xludf.DUMMYFUNCTION("""COMPUTED_VALUE"""),4.32242E9) -> 4322420000 | I5: =IFERROR(__xludf.DUMMYFUNCTION("""COMPUTED_VALUE"""),1.0) -> 1 | L5: 4 | M5: =IFERROR(__xludf.DUMMYFUNCTION("""COMPUTED_VALUE"""),"Pemagangan") -> Pemagangan | N5: =IFERROR(__xludf.DUMMYFUNCTION("""COMPUTED_VALUE"""),4.0) -> 4 | Q5: =IFERROR(__xludf.DUMMYFUNCTION("""COMPUTED_VALUE"""),"6988 [Dukungan Manajemen Direktorat Jenderal Pembinaan Pelatihan Vokasi dan Produktivitas Tenaga Kerja Binalavotas") -> 6988 [Dukungan Manajemen Direktorat Jenderal Pembinaan Pelatihan Vokasi dan Produktivitas Tenaga Kerja Binalavotas | R5: =IFERROR(__xludf.DUMMYFUNCTION("""COMPUTED_VALUE"""),1.357388E10) -> 13573880000 | S5: =IFERROR(__xludf.DUMMYFUNCTION("""COMPUTED_VALUE"""),4.01980493E8) -> 401980493
A6: 5 | B6: =IFERROR(__xludf.DUMMYFUNCTION("""COMPUTED_VALUE"""),"PFLK ") -> PFLK | C6: =IFERROR(__xludf.DUMMYFUNCTION("""COMPUTED_VALUE"""),5.0) -> 5 | G6: =IFERROR(__xludf.DUMMYFUNCTION("""COMPUTED_VALUE"""),"Realisasi Penerimaan PNBP") -> Realisasi Penerimaan PNBP | H6: =IFERROR(__xludf.DUMMYFUNCTION("""COMPUTED_VALUE"""),1.291859579E9) -> 1291859579 | I6: =IFERROR(__xludf.DUMMYFUNCTION("""COMPUTED_VALUE"""),0.298874144345066) -> 0.29887414
A7: 6 | G7: =IFERROR(__xludf.DUMMYFUNCTION("""COMPUTED_VALUE"""),"Realisasi Minggu Lalu (my Intress)") -> Realisasi Minggu Lalu (my Intress) | H7: =IFERROR(__xludf.DUMMYFUNCTION("""COMPUTED_VALUE"""),1.1909004557E10) -> 11909004557 | I7: =IFERROR(__xludf.DUMMYFUNCTION("""COMPUTED_VALUE"""),0.20371059950027376) -> 0.2037106
A8: 7 | G8: =IFERROR(__xludf.DUMMYFUNCTION("""COMPUTED_VALUE"""),"Capaian Realisasi Minggu Ini") -> Capaian Realisasi Minggu Ini | H8: =IFERROR(__xludf.DUMMYFUNCTION("""COMPUTED_VALUE"""),7.42915347E8) -> 742915347 | I8: =IFERROR(__xludf.DUMMYFUNCTION("""COMPUTED_VALUE"""),0.012708008464600665) -> 0.012708008
A9: 8 | G9: =IFERROR(__xludf.DUMMYFUNCTION("""COMPUTED_VALUE"""),"Total Realisasi") -> Total Realisasi | H9: =IFERROR(__xludf.DUMMYFUNCTION("""COMPUTED_VALUE"""),1.2651919904E10) -> 12651919904 | I9: =IFERROR(__xludf.DUMMYFUNCTION("""COMPUTED_VALUE"""),0.21641860796487442) -> 0.21641861
A10: 9 | G10: =IFERROR(__xludf.DUMMYFUNCTION("""COMPUTED_VALUE"""),"Sisa Pagu (SAKTI)") -> Sisa Pagu (SAKTI) | H10: =IFERROR(__xludf.DUMMYFUNCTION("""COMPUTED_VALUE"""),4.5808487096E10) -> 45808487096 | I10: =IFERROR(__xludf.DUMMYFUNCTION("""COMPUTED_VALUE"""),0.7835813920351256) -> 0.78358139
A11: 10 | S11: =IFERROR(__xludf.DUMMYFUNCTION("""COMPUTED_VALUE"""),7.42915347E8) -> 742915347
A12: 11
A13: 12
A14: 13
A15: 14

Sheet PelatihanData
A1: NO | B1: KEJURUAN | C1: PROGRAM PELATIHAN | D1: JENIS PELATIHAN | E1: TGL MULAI PELATIHAN | F1: TGL SELESAI PELATIHAN | G1: BULAN MULAI PELATIHAN | H1: LULUS | I1: TIDAK LULUS | J1: JUMLAH PESERTA PELATIHAN | K1: PEREMPUAN | L1: LAKI0LAKI
A2: 1 | B2: =IFERROR(__xludf.DUMMYFUNCTION("IMPORTRANGE(""https://docs.google.com/spreadsheets/d/1YM9eKooeCb3MqOvgwh-HJDRUSsIyH2R7PvjYqBnwrQ0/edit?gid=0#gid=0"", ""Pelatihan!B9:AO200"")"),"Listrik") -> Listrik | C2: =IFERROR(__xludf.DUMMYFUNCTION("""COMPUTED_VALUE"""),"Pemasangan Sistim Integrasi Bangunan Cerdas 1") -> Pemasangan Sistim Integrasi Bangunan Cerdas 1 | D2: =IFERROR(__xludf.DUMMYFUNCTION("""COMPUTED_VALUE"""),"PBL") -> PBL | E2: =IFERROR(__xludf.DUMMYFUNCTION("""COMPUTED_VALUE"""),46195.0) -> 46195 | F2: =IFERROR(__xludf.DUMMYFUNCTION("""COMPUTED_VALUE"""),46232.0) -> 46232 | G2: =IFERROR(__xludf.DUMMYFUNCTION("""COMPUTED_VALUE"""),"Juni") -> Juni | H2: =IFERROR(__xludf.DUMMYFUNCTION("""COMPUTED_VALUE"""),4.0) -> 4 | I2: =IFERROR(__xludf.DUMMYFUNCTION("""COMPUTED_VALUE"""),4.0) -> 4 | J2: =IFERROR(__xludf.DUMMYFUNCTION("""COMPUTED_VALUE"""),8.0) -> 8 | K2: =IFERROR(__xludf.DUMMYFUNCTION("""COMPUTED_VALUE"""),1.0) -> 1 | L2: =IFERROR(__xludf.DUMMYFUNCTION("""COMPUTED_VALUE"""),7.0) -> 7
A3: 2 | B3: =IFERROR(__xludf.DUMMYFUNCTION("""COMPUTED_VALUE"""),"Listrik") -> Listrik | C3: =IFERROR(__xludf.DUMMYFUNCTION("""COMPUTED_VALUE"""),"Pemasangan Sistim Integrasi Bangunan Cerdas 2") -> Pemasangan Sistim Integrasi Bangunan Cerdas 2 | D3: =IFERROR(__xludf.DUMMYFUNCTION("""COMPUTED_VALUE"""),"PBL") -> PBL | G3: =IFERROR(__xludf.DUMMYFUNCTION("""COMPUTED_VALUE"""),"") | J3: =IFERROR(__xludf.DUMMYFUNCTION("""COMPUTED_VALUE"""),"")
A4: 3 | B4: =IFERROR(__xludf.DUMMYFUNCTION("""COMPUTED_VALUE"""),"Listrik") -> Listrik | C4: =IFERROR(__xludf.DUMMYFUNCTION("""COMPUTED_VALUE"""),"Pemasangan Sistim Integrasi Bangunan Cerdas 3") -> Pemasangan Sistim Integrasi Bangunan Cerdas 3 | D4: =IFERROR(__xludf.DUMMYFUNCTION("""COMPUTED_VALUE"""),"PBL") -> PBL | G4: =IFERROR(__xludf.DUMMYFUNCTION("""COMPUTED_VALUE"""),"") | J4: =IFERROR(__xludf.DUMMYFUNCTION("""COMPUTED_VALUE"""),"")
A5: 4 | B5: =IFERROR(__xludf.DUMMYFUNCTION("""COMPUTED_VALUE"""),"Listrik") -> Listrik | C5: =IFERROR(__xludf.DUMMYFUNCTION("""COMPUTED_VALUE"""),"Pemasangan Sistim Integrasi Bangunan Cerdas 4") -> Pemasangan Sistim Integrasi Bangunan Cerdas 4 | D5: =IFERROR(__xludf.DUMMYFUNCTION("""COMPUTED_VALUE"""),"PBL") -> PBL | G5: =IFERROR(__xludf.DUMMYFUNCTION("""COMPUTED_VALUE"""),"") | J5: =IFERROR(__xludf.DUMMYFUNCTION("""COMPUTED_VALUE"""),"")
A6: 5 | B6: =IFERROR(__xludf.DUMMYFUNCTION("""COMPUTED_VALUE"""),"Listrik") -> Listrik | C6: =IFERROR(__xludf.DUMMYFUNCTION("""COMPUTED_VALUE"""),"Pemasangan Sistim Integrasi Bangunan Cerdas 5") -> Pemasangan Sistim Integrasi Bangunan Cerdas 5 | D6: =IFERROR(__xludf.DUMMYFUNCTION("""COMPUTED_VALUE"""),"PBL") -> PBL | G6: =IFERROR(__xludf.DUMMYFUNCTION("""COMPUTED_VALUE"""),"") | J6: =IFERROR(__xludf.DUMMYFUNCTION("""COMPUTED_VALUE"""),"")
A7: 6 | B7: =IFERROR(__xludf.DUMMYFUNCTION("""COMPUTED_VALUE"""),"Elektronika") -> Elektronika | C7: =IFERROR(__xludf.DUMMYFUNCTION("""COMPUTED_VALUE"""),"Smart Farming 1") -> Smart Farming 1 | D7: =IFERROR(__xludf.DUMMYFUNCTION("""COMPUTED_VALUE"""),"PBL") -> PBL | G7: =IFERROR(__xludf.DUMMYFUNCTION("""COMPUTED_VALUE"""),"") | J7: =IFERROR(__xludf.DUMMYFUNCTION("""COMPUTED_VALUE"""),"")
A8: 7 | B8: =IFERROR(__xludf.DUMMYFUNCTION("""COMPUTED_VALUE"""),"Elektronika") -> Elektronika | C8: =IFERROR(__xludf.DUMMYFUNCTION("""COMPUTED_VALUE"""),"Smart Farming 2") -> Smart Farming 2 | D8: =IFERROR(__xludf.DUMMYFUNCTION("""COMPUTED_VALUE"""),"PBL") -> PBL | G8: =IFERROR(__xludf.DUMMYFUNCTION("""COMPUTED_VALUE"""),"") | J8: =IFERROR(__xludf.DUMMYFUNCTION("""COMPUTED_VALUE"""),"")
A9: 8 | B9: =IFERROR(__xludf.DUMMYFUNCTION("""COMPUTED_VALUE"""),"Elektronika") -> Elektronika | C9: =IFERROR(__xludf.DUMMYFUNCTION("""COMPUTED_VALUE"""),"Smart Farming 3") -> Smart Farming 3 | D9: =IFERROR(__xludf.DUMMYFUNCTION("""COMPUTED_VALUE"""),"PBL") -> PBL | G9: =IFERROR(__xludf.DUMMYFUNCTION("""COMPUTED_VALUE"""),"") | J9: =IFERROR(__xludf.DUMMYFUNCTION("""COMPUTED_VALUE"""),"")
A10: 9 | B10: =IFERROR(__xludf.DUMMYFUNCTION("""COMPUTED_VALUE"""),"Elektronika") -> Elektronika | C10: =IFERROR(__xludf.DUMMYFUNCTION("""COMPUTED_VALUE"""),"Smart Farming 4") -> Smart Farming 4 | D10: =IFERROR(__xludf.DUMMYFUNCTION("""COMPUTED_VALUE"""),"PBL") -> PBL | G10: =IFERROR(__xludf.DUMMYFUNCTION("""COMPUTED_VALUE"""),"") | J10: =IFERROR(__xludf.DUMMYFUNCTION("""COMPUTED_VALUE"""),"")
A11: 10 | B11: =IFERROR(__xludf.DUMMYFUNCTION("""COMPUTED_VALUE"""),"Bisnis dan Manajemen") -> Bisnis dan Manajemen | C11: =IFERROR(__xludf.DUMMYFUNCTION("""COMPUTED_VALUE"""),"Digital Office Administration Berbasis Google Workspace 1") -> Digital Office Administration Berbasis Google Workspace 1 | D11: =IFERROR(__xludf.DUMMYFUNCTION("""COMPUTED_VALUE"""),"PBL") -> PBL | E11: =IFERROR(__xludf.DUMMYFUNCTION("""COMPUTED_VALUE"""),46113.0) -> 46113 | F11: =IFERROR(__xludf.DUMMYFUNCTION("""COMPUTED_VALUE"""),46154.0) -> 46154 | G11: =IFERROR(__xludf.DUMMYFUNCTION("""COMPUTED_VALUE"""),"April") -> April | H11: =IFERROR(__xludf.DUMMYFUNCTION("""COMPUTED_VALUE"""),11.0) -> 11 | I11: =IFERROR(__xludf.DUMMYFUNCTION("""COMPUTED_VALUE"""),1.0) -> 1 | J11: =IFERROR(__xludf.DUMMYFUNCTION("""COMPUTED_VALUE"""),12.0) -> 12 | K11: =IFERROR(__xludf.DUMMYFUNCTION("""COMPUTED_VALUE"""),10.0) -> 10 | L11: =IFERROR(__xludf.DUMMYFUNCTION("""COMPUTED_VALUE"""),2.0) -> 2
A12: 11 | B12: =IFERROR(__xludf.DUMMYFUNCTION("""COMPUTED_VALUE"""),"Bisnis dan Manajemen") -> Bisnis dan Manajemen | C12: =IFERROR(__xludf.DUMMYFUNCTION("""COMPUTED_VALUE"""),"Digital Office Administration Berbasis Google Workspace 2") -> Digital Office Administration Berbasis Google Workspace 2 | D12: =IFERROR(__xludf.DUMMYFUNCTION("""COMPUTED_VALUE"""),"PBL") -> PBL | E12: =IFERROR(__xludf.DUMMYFUNCTION("""COMPUTED_VALUE"""),46195.0) -> 46195 | F12: =IFERROR(__xludf.DUMMYFUNCTION("""COMPUTED_VALUE"""),46232.0) -> 46232 | G12: =IFERROR(__xludf.DUMMYFUNCTION("""COMPUTED_VALUE"""),"Juni") -> Juni | J12: =IFERROR(__xludf.DUMMYFUNCTION("""COMPUTED_VALUE"""),16.0) -> 16 | K12: =IFERROR(__xludf.DUMMYFUNCTION("""COMPUTED_VALUE"""),13.0) -> 13 | L12: =IFERROR(__xludf.DUMMYFUNCTION("""COMPUTED_VALUE"""),3.0) -> 3
A13: 12 | B13: =IFERROR(__xludf.DUMMYFUNCTION("""COMPUTED_VALUE"""),"Bisnis dan Manajemen") -> Bisnis dan Manajemen | C13: =IFERROR(__xludf.DUMMYFUNCTION("""COMPUTED_VALUE"""),"Digital Office Administration Berbasis Google Workspace 3") -> Digital Office Administration Berbasis Google Workspace 3 | D13: =IFERROR(__xludf.DUMMYFUNCTION("""COMPUTED_VALUE"""),"PBL") -> PBL | E13: =IFERROR(__xludf.DUMMYFUNCTION("""COMPUTED_VALUE"""),46195.0) -> 46195 | F13: =IFERROR(__xludf.DUMMYFUNCTION("""COMPUTED_VALUE"""),46232.0) -> 46232 | G13: =IFERROR(__xludf.DUMMYFUNCTION("""COMPUTED_VALUE"""),"Juni") -> Juni | J13: =IFERROR(__xludf.DUMMYFUNCTION("""COMPUTED_VALUE"""),16.0) -> 16 | K13: =IFERROR(__xludf.DUMMYFUNCTION("""COMPUTED_VALUE"""),11.0) -> 11 | L13: =IFERROR(__xludf.DUMMYFUNCTION("""COMPUTED_VALUE"""),5.0) -> 5
A14: 13 | B14: =IFERROR(__xludf.DUMMYFUNCTION("""COMPUTED_VALUE"""),"Bisnis dan Manajemen") -> Bisnis dan Manajemen | C14: =IFERROR(__xludf.DUMMYFUNCTION("""COMPUTED_VALUE"""),"Digital Office Administration Berbasis Google Workspace 4") -> Digital Office Administration Berbasis Google Workspace 4 | D14: =IFERROR(__xludf.DUMMYFUNCTION("""COMPUTED_VALUE"""),"PBL") -> PBL | G14: =IFERROR(__xludf.DUMMYFUNCTION("""COMPUTED_VALUE"""),"") | J14: =IFERROR(__xludf.DUMMYFUNCTION("""COMPUTED_VALUE"""),"")
A15: 14 | B15: =IFERROR(__xludf.DUMMYFUNCTION("""COMPUTED_VALUE"""),"Bisnis dan Manajemen") -> Bisnis dan Manajemen | C15: =IFERROR(__xludf.DUMMYFUNCTION("""COMPUTED_VALUE"""),"Digital Office Administration Berbasis Google Workspace 5") -> Digital Office Administration Berbasis Google Workspace 5 | D15: =IFERROR(__xludf.DUMMYFUNCTION("""COMPUTED_VALUE"""),"PBL") -> PBL | G15: =IFERROR(__xludf.DUMMYFUNCTION("""COMPUTED_VALUE"""),"") | J15: =IFERROR(__xludf.DUMMYFUNCTION("""COMPUTED_VALUE"""),"")
A16: 15 | B16: =IFERROR(__xludf.DUMMYFUNCTION("""COMPUTED_VALUE"""),"Bisnis dan Manajemen") -> Bisnis dan Manajemen | C16: =IFERROR(__xludf.DUMMYFUNCTION("""COMPUTED_VALUE"""),"Digital Office Administration Berbasis Google Workspace 6") -> Digital Office Administration Berbasis Google Workspace 6 | D16: =IFERROR(__xludf.DUMMYFUNCTION("""COMPUTED_VALUE"""),"PBL") -> PBL | G16: =IFERROR(__xludf.DUMMYFUNCTION("""COMPUTED_VALUE"""),"") | J16: =IFERROR(__xludf.DUMMYFUNCTION("""COMPUTED_VALUE"""),"")
A17: 16 | B17: =IFERROR(__xludf.DUMMYFUNCTION("""COMPUTED_VALUE"""),"Bisnis dan Manajemen") -> Bisnis dan Manajemen | C17: =IFERROR(__xludf.DUMMYFUNCTION("""COMPUTED_VALUE"""),"Optimalisasi Pemasaran Melalui Media Sosial") -> Optimalisasi Pemasaran Melalui Media Sosial | D17: =IFERROR(__xludf.DUMMYFUNCTION("""COMPUTED_VALUE"""),"PBL") -> PBL | G17: =IFERROR(__xludf.DUMMYFUNCTION("""COMPUTED_VALUE"""),"") | J17: =IFERROR(__xludf.DUMMYFUNCTION("""COMPUTED_VALUE"""),"")
A18: 17 | B18: =IFERROR(__xludf.DUMMYFUNCTION("""COMPUTED_VALUE"""),"TIK") -> TIK | C18: =IFERROR(__xludf.DUMMYFUNCTION("""COMPUTED_VALUE"""),"Pengoperasian Tools Generative AI untuk Konten Digital dan Bisnis") -> Pengoperasian Tools Generative AI untuk Konten Digital dan Bisnis | D18: =IFERROR(__xludf.DUMMYFUNCTION("""COMPUTED_VALUE"""),"PBL") -> PBL | E18: =IFERROR(__xludf.DUMMYFUNCTION("""COMPUTED_VALUE"""),46195.0) -> 46195 | F18: =IFERROR(__xludf.DUMMYFUNCTION("""COMPUTED_VALUE"""),46232.0) -> 46232 | G18: =IFERROR(__xludf.DUMMYFUNCTION("""COMPUTED_VALUE"""),"Juni") -> Juni | J18: =IFERROR(__xludf.DUMMYFUNCTION("""COMPUTED_VALUE"""),13.0) -> 13 | K18: =IFERROR(__xludf.DUMMYFUNCTION("""COMPUTED_VALUE"""),8.0) -> 8 | L18: =IFERROR(__xludf.DUMMYFUNCTION("""COMPUTED_VALUE"""),5.0) -> 5
A19: 18 | B19: =IFERROR(__xludf.DUMMYFUNCTION("""COMPUTED_VALUE"""),"TIK") -> TIK | C19: =IFERROR(__xludf.DUMMYFUNCTION("""COMPUTED_VALUE"""),"Pengembangan Web dengan Node JS dan React") -> Pengembangan Web dengan Node JS dan React | D19: =IFERROR(__xludf.DUMMYFUNCTION("""COMPUTED_VALUE"""),"PBL") -> PBL | G19: =IFERROR(__xludf.DUMMYFUNCTION("""COMPUTED_VALUE"""),"") | J19: =IFERROR(__xludf.DUMMYFUNCTION("""COMPUTED_VALUE"""),"")
A20: 19 | B20: =IFERROR(__xludf.DUMMYFUNCTION("""COMPUTED_VALUE"""),"TIK") -> TIK | C20: =IFERROR(__xludf.DUMMYFUNCTION("""COMPUTED_VALUE"""),"Pembuatan Konten Visual untuk Sosial Media 1") -> Pembuatan Konten Visual untuk Sosial Media 1 | D20: =IFERROR(__xludf.DUMMYFUNCTION("""COMPUTED_VALUE"""),"PBL") -> PBL | E20: =IFERROR(__xludf.DUMMYFUNCTION("""COMPUTED_VALUE"""),46195.0) -> 46195 | F20: =IFERROR(__xludf.DUMMYFUNCTION("""COMPUTED_VALUE"""),46232.0) -> 46232 | G20: =IFERROR(__xludf.DUMMYFUNCTION("""COMPUTED_VALUE"""),"Juni") -> Juni | H20: =IFERROR(__xludf.DUMMYFUNCTION("""COMPUTED_VALUE"""),11.0) -> 11 | I20: =IFERROR(__xludf.DUMMYFUNCTION("""COMPUTED_VALUE"""),2.0) -> 2 | J20: =IFERROR(__xludf.DUMMYFUNCTION("""COMPUTED_VALUE"""),13.0) -> 13 | K20: =IFERROR(__xludf.DUMMYFUNCTION("""COMPUTED_VALUE"""),6.0) -> 6 | L20: =IFERROR(__xludf.DUMMYFUNCTION("""COMPUTED_VALUE"""),7.0) -> 7
A21: 20 | B21: =IFERROR(__xludf.DUMMYFUNCTION("""COMPUTED_VALUE"""),"TIK") -> TIK | C21: =IFERROR(__xludf.DUMMYFUNCTION("""COMPUTED_VALUE"""),"Pembuatan Konten Visual untuk Sosial Media 2") -> Pembuatan Konten Visual untuk Sosial Media 2 | D21: =IFERROR(__xludf.DUMMYFUNCTION("""COMPUTED_VALUE"""),"PBL") -> PBL | G21: =IFERROR(__xludf.DUMMYFUNCTION("""COMPUTED_VALUE"""),"") | J21: =IFERROR(__xludf.DUMMYFUNCTION("""COMPUTED_VALUE"""),"")
A22: 21 | B22: =IFERROR(__xludf.DUMMYFUNCTION("""COMPUTED_VALUE"""),"Otomotif") -> Otomotif | C22: =IFERROR(__xludf.DUMMYFUNCTION("""COMPUTED_VALUE"""),"Pemeliharaan Kendaraan Ringan Sistem Injeksi 1") -> Pemeliharaan Kendaraan Ringan Sistem Injeksi 1 | D22: =IFERROR(__xludf.DUMMYFUNCTION("""COMPUTED_VALUE"""),"PBK") -> PBK | E22: =IFERROR(__xludf.DUMMYFUNCTION("""COMPUTED_VALUE"""),46195.0) -> 46195 | F22: =IFERROR(__xludf.DUMMYFUNCTION("""COMPUTED_VALUE"""),46241.0) -> 46241 | G22: =IFERROR(__xludf.DUMMYFUNCTION("""COMPUTED_VALUE"""),"Juni") -> Juni | J22: =IFERROR(__xludf.DUMMYFUNCTION("""COMPUTED_VALUE"""),16.0) -> 16 | L22: =IFERROR(__xludf.DUMMYFUNCTION("""COMPUTED_VALUE"""),16.0) -> 16
A23: 22 | B23: =IFERROR(__xludf.DUMMYFUNCTION("""COMPUTED_VALUE"""),"Otomotif") -> Otomotif | C23: =IFERROR(__xludf.DUMMYFUNCTION("""COMPUTED_VALUE"""),"Servis Sepeda Motor Sistem Injeksi 1") -> Servis Sepeda Motor Sistem Injeksi 1 | D23: =IFERROR(__xludf.DUMMYFUNCTION("""COMPUTED_VALUE"""),"PBK") -> PBK | E23: =IFERROR(__xludf.DUMMYFUNCTION("""COMPUTED_VALUE"""),46195.0) -> 46195 | F23: =IFERROR(__xludf.DUMMYFUNCTION("""COMPUTED_VALUE"""),46241.0) -> 46241 | G23: =IFERROR(__xludf.DUMMYFUNCTION("""COMPUTED_VALUE"""),"Juni") -> Juni | H23: =IFERROR(__xludf.DUMMYFUNCTION("""COMPUTED_VALUE"""),11.0) -> 11 | I23: =IFERROR(__xludf.DUMMYFUNCTION("""COMPUTED_VALUE"""),5.0) -> 5 | J23: =IFERROR(__xludf.DUMMYFUNCTION("""COMPUTED_VALUE"""),16.0) -> 16 | L23: =IFERROR(__xludf.DUMMYFUNCTION("""COMPUTED_VALUE"""),16.0) -> 16
A24: 23 | B24: =IFERROR(__xludf.DUMMYFUNCTION("""COMPUTED_VALUE"""),"Pertambangan") -> Pertambangan | C24: =IFERROR(__xludf.DUMMYFUNCTION("""COMPUTED_VALUE"""),"Operator Truck Excavator 1") -> Operator Truck Excavator 1 | D24: =IFERROR(__xludf.DUMMYFUNCTION("""COMPUTED_VALUE"""),"PBK") -> PBK | E24: =IFERROR(__xludf.DUMMYFUNCTION("""COMPUTED_VALUE"""),46113.0) -> 46113 | F24: =IFERROR(__xludf.DUMMYFUNCTION("""COMPUTED_VALUE"""),46167.0) -> 46167 | G24: =IFERROR(__xludf.DUMMYFUNCTION("""COMPUTED_VALUE"""),"April") -> April | H24: =IFERROR(__xludf.DUMMYFUNCTION("""COMPUTED_VALUE"""),15.0) -> 15 | I24: =IFERROR(__xludf.DUMMYFUNCTION("""COMPUTED_VALUE"""),1.0) -> 1 | J24: =IFERROR(__xludf.DUMMYFUNCTION("""COMPUTED_VALUE"""),16.0) -> 16 | K24: =IFERROR(__xludf.DUMMYFUNCTION("""COMPUTED_VALUE"""),3.0) -> 3 | L24: =IFERROR(__xludf.DUMMYFUNCTION("""COMPUTED_VALUE"""),13.0) -> 13
A25: 24 | B25: =IFERROR(__xludf.DUMMYFUNCTION("""COMPUTED_VALUE"""),"Pertambangan") -> Pertambangan | C25: =IFERROR(__xludf.DUMMYFUNCTION("""COMPUTED_VALUE"""),"Operator Truck Excavator 2") -> Operator Truck Excavator 2 | D25: =IFERROR(__xludf.DUMMYFUNCTION("""COMPUTED_VALUE"""),"PBK") -> PBK | G25: =IFERROR(__xludf.DUMMYFUNCTION("""COMPUTED_VALUE"""),"") | J25: =IFERROR(__xludf.DUMMYFUNCTION("""COMPUTED_VALUE"""),"")
A26: 25 | B26: =IFERROR(__xludf.DUMMYFUNCTION("""COMPUTED_VALUE"""),"Elektronika") -> Elektronika | C26: =IFERROR(__xludf.DUMMYFUNCTION("""COMPUTED_VALUE"""),"Teknisi Telepon Seluler Perangkat Keras 1") -> Teknisi Telepon Seluler Perangkat Keras 1 | D26: =IFERROR(__xludf.DUMMYFUNCTION("""COMPUTED_VALUE"""),"PBK") -> PBK | E26: =IFERROR(__xludf.DUMMYFUNCTION("""COMPUTED_VALUE"""),46195.0) -> 46195 | F26: =IFERROR(__xludf.DUMMYFUNCTION("""COMPUTED_VALUE"""),46239.0) -> 46239 | G26: =IFERROR(__xludf.DUMMYFUNCTION("""COMPUTED_VALUE"""),"Juni") -> Juni | H26: =IFERROR(__xludf.DUMMYFUNCTION("""COMPUTED_VALUE"""),14.0) -> 14 | I26: =IFERROR(__xludf.DUMMYFUNCTION("""COMPUTED_VALUE"""),2.0) -> 2 | J26: =IFERROR(__xludf.DUMMYFUNCTION("""COMPUTED_VALUE"""),16.0) -> 16 | L26: =IFERROR(__xludf.DUMMYFUNCTION("""COMPUTED_VALUE"""),16.0) -> 16
A27: 26 | B27: =IFERROR(__xludf.DUMMYFUNCTION("""COMPUTED_VALUE"""),"Las") -> Las | C27: =IFERROR(__xludf.DUMMYFUNCTION("""COMPUTED_VALUE"""),"Perakitan Komponen Fabrikasi 1") -> Perakitan Komponen Fabrikasi 1 | D27: =IFERROR(__xludf.DUMMYFUNCTION("""COMPUTED_VALUE"""),"PBK") -> PBK | E27: =IFERROR(__xludf.DUMMYFUNCTION("""COMPUTED_VALUE"""),46113.0) -> 46113 | F27: =IFERROR(__xludf.DUMMYFUNCTION("""COMPUTED_VALUE"""),46147.0) -> 46147 | G27: =IFERROR(__xludf.DUMMYFUNCTION("""COMPUTED_VALUE"""),"April") -> April | H27: =IFERROR(__xludf.DUMMYFUNCTION("""COMPUTED_VALUE"""),7.0) -> 7 | I27: =IFERROR(__xludf.DUMMYFUNCTION("""COMPUTED_VALUE"""),0.0) -> 0 | J27: =IFERROR(__xludf.DUMMYFUNCTION("""COMPUTED_VALUE"""),7.0) -> 7 | K27: =IFERROR(__xludf.DUMMYFUNCTION("""COMPUTED_VALUE"""),0.0) -> 0 | L27: =IFERROR(__xludf.DUMMYFUNCTION("""COMPUTED_VALUE"""),7.0) -> 7
A28: 27 | B28: =IFERROR(__xludf.DUMMYFUNCTION("""COMPUTED_VALUE"""),"Las") -> Las | C28: =IFERROR(__xludf.DUMMYFUNCTION("""COMPUTED_VALUE"""),"Perakitan Komponen Fabrikasi 2") -> Perakitan Komponen Fabrikasi 2 | D28: =IFERROR(__xludf.DUMMYFUNCTION("""COMPUTED_VALUE"""),"PBK") -> PBK | E28: =IFERROR(__xludf.DUMMYFUNCTION("""COMPUTED_VALUE"""),46195.0) -> 46195 | F28: =IFERROR(__xludf.DUMMYFUNCTION("""COMPUTED_VALUE"""),46225.0) -> 46225 | G28: =IFERROR(__xludf.DUMMYFUNCTION("""COMPUTED_VALUE"""),"Juni") -> Juni | H28: =IFERROR(__xludf.DUMMYFUNCTION("""COMPUTED_VALUE"""),16.0) -> 16 | I28: =IFERROR(__xludf.DUMMYFUNCTION("""COMPUTED_VALUE"""),0.0) -> 0 | J28: =IFERROR(__xludf.DUMMYFUNCTION("""COMPUTED_VALUE"""),16.0) -> 16 | L28: =IFERROR(__xludf.DUMMYFUNCTION("""COMPUTED_VALUE"""),16.0) -> 16
A29: 28 | B29: =IFERROR(__xludf.DUMMYFUNCTION("""COMPUTED_VALUE"""),"Las") -> Las | C29: =IFERROR(__xludf.DUMMYFUNCTION("""COMPUTED_VALUE"""),"Perakitan Komponen Fabrikasi 3 ") -> Perakitan Komponen Fabrikasi 3 | D29: =IFERROR(__xludf.DUMMYFUNCTION("""COMPUTED_VALUE"""),"PBK") -> PBK | E29: =IFERROR(__xludf.DUMMYFUNCTION("""COMPUTED_VALUE"""),46195.0) -> 46195 | F29: =IFERROR(__xludf.DUMMYFUNCTION("""COMPUTED_VALUE"""),46225.0) -> 46225 | G29: =IFERROR(__xludf.DUMMYFUNCTION("""COMPUTED_VALUE"""),"Juni") -> Juni | H29: =IFERROR(__xludf.DUMMYFUNCTION("""COMPUTED_VALUE"""),15.0) -> 15 | I29: =IFERROR(__xludf.DUMMYFUNCTION("""COMPUTED_VALUE"""),1.0) -> 1 | J29: =IFERROR(__xludf.DUMMYFUNCTION("""COMPUTED_VALUE"""),16.0) -> 16 | L29: =IFERROR(__xludf.DUMMYFUNCTION("""COMPUTED_VALUE"""),16.0) -> 16
A30: 29 | B30: =IFERROR(__xludf.DUMMYFUNCTION("""COMPUTED_VALUE"""),"Bangunan") -> Bangunan | C30: =IFERROR(__xludf.DUMMYFUNCTION("""COMPUTED_VALUE"""),"Juru Gambar Pekerjaan Jalan dan Jembatan 1") -> Juru Gambar Pekerjaan Jalan dan Jembatan 1 | D30: =IFERROR(__xludf.DUMMYFUNCTION("""COMPUTED_VALUE"""),"PBK") -> PBK | E30: =IFERROR(__xludf.DUMMYFUNCTION("""COMPUTED_VALUE"""),46195.0) -> 46195 | F30: =IFERROR(__xludf.DUMMYFUNCTION("""COMPUTED_VALUE"""),46239.0) -> 46239 | G30: =IFERROR(__xludf.DUMMYFUNCTION("""COMPUTED_VALUE"""),"Juni") -> Juni | H30: =IFERROR(__xludf.DUMMYFUNCTION("""COMPUTED_VALUE"""),7.0) -> 7 | I30: =IFERROR(__xludf.DUMMYFUNCTION("""COMPUTED_VALUE"""),2.0) -> 2 | J30: =IFERROR(__xludf.DUMMYFUNCTION("""COMPUTED_VALUE"""),9.0) -> 9 | K30: =IFERROR(__xludf.DUMMYFUNCTION("""COMPUTED_VALUE"""),2.0) -> 2 | L30: =IFERROR(__xludf.DUMMYFUNCTION("""COMPUTED_VALUE"""),7.0) -> 7
A31: 30 | B31: =IFERROR(__xludf.DUMMYFUNCTION("""COMPUTED_VALUE"""),"Bangunan") -> Bangunan | C31: =IFERROR(__xludf.DUMMYFUNCTION("""COMPUTED_VALUE"""),"Juru Ukur (Surveyor) Kualifikasi 3 1") -> Juru Ukur (Surveyor) Kualifikasi 3 1 | D31: =IFERROR(__xludf.DUMMYFUNCTION("""COMPUTED_VALUE"""),"PBK") -> PBK | G31: =IFERROR(__xludf.DUMMYFUNCTION("""COMPUTED_VALUE"""),"") | J31: =IFERROR(__xludf.DUMMYFUNCTION("""COMPUTED_VALUE"""),"")
A32: 31 | B32: =IFERROR(__xludf.DUMMYFUNCTION("""COMPUTED_VALUE"""),"Bangunan") -> Bangunan | C32: =IFERROR(__xludf.DUMMYFUNCTION("""COMPUTED_VALUE"""),"Juru Ukur (Surveyor) Kualifikasi 3 2") -> Juru Ukur (Surveyor) Kualifikasi 3 2 | D32: =IFERROR(__xludf.DUMMYFUNCTION("""COMPUTED_VALUE"""),"PBK") -> PBK | G32: =IFERROR(__xludf.DUMMYFUNCTION("""COMPUTED_VALUE"""),"") | J32: =IFERROR(__xludf.DUMMYFUNCTION("""COMPUTED_VALUE"""),"")
A33: 32 | B33: =IFERROR(__xludf.DUMMYFUNCTION("""COMPUTED_VALUE"""),"Bangunan") -> Bangunan | C33: =IFERROR(__xludf.DUMMYFUNCTION("""COMPUTED_VALUE"""),"Juru Ukur (Surveyor) Kualifikasi 3 3") -> Juru Ukur (Surveyor) Kualifikasi 3 3 | D33: =IFERROR(__xludf.DUMMYFUNCTION("""COMPUTED_VALUE"""),"PBK") -> PBK | G33: =IFERROR(__xludf.DUMMYFUNCTION("""COMPUTED_VALUE"""),"") | J33: =IFERROR(__xludf.DUMMYFUNCTION("""COMPUTED_VALUE"""),"")
A34: 33 | B34: =IFERROR(__xludf.DUMMYFUNCTION("""COMPUTED_VALUE"""),"Bangunan") -> Bangunan | C34: =IFERROR(__xludf.DUMMYFUNCTION("""COMPUTED_VALUE"""),"Konstruksi (Estimator Biaya Jalan)") -> Konstruksi (Estimator Biaya Jalan) | D34: =IFERROR(__xludf.DUMMYFUNCTION("""COMPUTED_VALUE"""),"PBK") -> PBK | G34: =IFERROR(__xludf.DUMMYFUNCTION("""COMPUTED_VALUE"""),"") | J34: =IFERROR(__xludf.DUMMYFUNCTION("""COMPUTED_VALUE"""),"")
A35: 34 | B35: =IFERROR(__xludf.DUMMYFUNCTION("""COMPUTED_VALUE"""),"Kecantikan") -> Kecantikan | C35: =IFERROR(__xludf.DUMMYFUNCTION("""COMPUTED_VALUE"""),"Merias Wajah 1") -> Merias Wajah 1 | D35: =IFERROR(__xludf.DUMMYFUNCTION("""COMPUTED_VALUE"""),"PBK") -> PBK | E35: =IFERROR(__xludf.DUMMYFUNCTION("""COMPUTED_VALUE"""),46113.0) -> 46113 | F35: =IFERROR(__xludf.DUMMYFUNCTION("""COMPUTED_VALUE"""),46141.0) -> 46141 | G35: =IFERROR(__xludf.DUMMYFUNCTION("""COMPUTED_VALUE"""),"April") -> April | H35: =IFERROR(__xludf.DUMMYFUNCTION("""COMPUTED_VALUE"""),10.0) -> 10 | I35: =IFERROR(__xludf.DUMMYFUNCTION("""COMPUTED_VALUE"""),0.0) -> 0 | J35: =IFERROR(__xludf.DUMMYFUNCTION("""COMPUTED_VALUE"""),10.0) -> 10 | K35: =IFERROR(__xludf.DUMMYFUNCTION("""COMPUTED_VALUE"""),10.0) -> 10 | L35: =IFERROR(__xludf.DUMMYFUNCTION("""COMPUTED_VALUE"""),0.0) -> 0
A36: 35 | B36: =IFERROR(__xludf.DUMMYFUNCTION("""COMPUTED_VALUE"""),"Kecantikan") -> Kecantikan | C36: =IFERROR(__xludf.DUMMYFUNCTION("""COMPUTED_VALUE"""),"Merias Wajah 2") -> Merias Wajah 2 | D36: =IFERROR(__xludf.DUMMYFUNCTION("""COMPUTED_VALUE"""),"PBK") -> PBK | E36: =IFERROR(__xludf.DUMMYFUNCTION("""COMPUTED_VALUE"""),46113.0) -> 46113 | F36: =IFERROR(__xludf.DUMMYFUNCTION("""COMPUTED_VALUE"""),46141.0) -> 46141 | G36: =IFERROR(__xludf.DUMMYFUNCTION("""COMPUTED_VALUE"""),"April") -> April | H36: =IFERROR(__xludf.DUMMYFUNCTION("""COMPUTED_VALUE"""),15.0) -> 15 | I36: =IFERROR(__xludf.DUMMYFUNCTION("""COMPUTED_VALUE"""),1.0) -> 1 | J36: =IFERROR(__xludf.DUMMYFUNCTION("""COMPUTED_VALUE"""),16.0) -> 16 | K36: =IFERROR(__xludf.DUMMYFUNCTION("""COMPUTED_VALUE"""),16.0) -> 16 | L36: =IFERROR(__xludf.DUMMYFUNCTION("""COMPUTED_VALUE"""),0.0) -> 0
A37: 36 | B37: =IFERROR(__xludf.DUMMYFUNCTION("""COMPUTED_VALUE"""),"Kecantikan") -> Kecantikan | C37: =IFERROR(__xludf.DUMMYFUNCTION("""COMPUTED_VALUE"""),"Merias Wajah 3") -> Merias Wajah 3 | D37: =IFERROR(__xludf.DUMMYFUNCTION("""COMPUTED_VALUE"""),"PBK") -> PBK | E37: =IFERROR(__xludf.DUMMYFUNCTION("""COMPUTED_VALUE"""),46195.0) -> 46195 | F37: =IFERROR(__xludf.DUMMYFUNCTION("""COMPUTED_VALUE"""),46220.0) -> 46220 | G37: =IFERROR(__xludf.DUMMYFUNCTION("""COMPUTED_VALUE"""),"Juni") -> Juni | H37: =IFERROR(__xludf.DUMMYFUNCTION("""COMPUTED_VALUE"""),16.0) -> 16 | I37: =IFERROR(__xludf.DUMMYFUNCTION("""COMPUTED_VALUE"""),0.0) -> 0 | J37: =IFERROR(__xludf.DUMMYFUNCTION("""COMPUTED_VALUE"""),16.0) -> 16 | K37: =IFERROR(__xludf.DUMMYFUNCTION("""COMPUTED_VALUE"""),16.0) -> 16
A38: 37 | B38: =IFERROR(__xludf.DUMMYFUNCTION("""COMPUTED_VALUE"""),"Kecantikan") -> Kecantikan | C38: =IFERROR(__xludf.DUMMYFUNCTION("""COMPUTED_VALUE"""),"Merias Wajah 4") -> Merias Wajah 4 | D38: =IFERROR(__xludf.DUMMYFUNCTION("""COMPUTED_VALUE"""),"PBK") -> PBK | E38: =IFERROR(__xludf.DUMMYFUNCTION("""COMPUTED_VALUE"""),46195.0) -> 46195 | F38: =IFERROR(__xludf.DUMMYFUNCTION("""COMPUTED_VALUE"""),46220.0) -> 46220 | G38: =IFERROR(__xludf.DUMMYFUNCTION("""COMPUTED_VALUE"""),"Juni") -> Juni | H38: =IFERROR(__xludf.DUMMYFUNCTION("""COMPUTED_VALUE"""),16.0) -> 16 | I38: =IFERROR(__xludf.DUMMYFUNCTION("""COMPUTED_VALUE"""),0.0) -> 0 | J38: =IFERROR(__xludf.DUMMYFUNCTION("""COMPUTED_VALUE"""),16.0) -> 16 | K38: =IFERROR(__xludf.DUMMYFUNCTION("""COMPUTED_VALUE"""),16.0) -> 16
A39: 38 | B39: =IFERROR(__xludf.DUMMYFUNCTION("""COMPUTED_VALUE"""),"Fashion Technology") -> Fashion Technology | C39: =IFERROR(__xludf.DUMMYFUNCTION("""COMPUTED_VALUE"""),"Asisten Pembuat Pakaian 1") -> Asisten Pembuat Pakaian 1 | D39: =IFERROR(__xludf.DUMMYFUNCTION("""COMPUTED_VALUE"""),"PBK") -> PBK | E39: =IFERROR(__xludf.DUMMYFUNCTION("""COMPUTED_VALUE"""),46195.0) -> 46195 | F39: =IFERROR(__xludf.DUMMYFUNCTION("""COMPUTED_VALUE"""),46225.0) -> 46225 | G39: =IFERROR(__xludf.DUMMYFUNCTION("""COMPUTED_VALUE"""),"Juni") -> Juni | H39: =IFERROR(__xludf.DUMMYFUNCTION("""COMPUTED_VALUE"""),16.0) -> 16 | I39: =IFERROR(__xludf.DUMMYFUNCTION("""COMPUTED_VALUE"""),0.0) -> 0 | J39: =IFERROR(__xludf.DUMMYFUNCTION("""COMPUTED_VALUE"""),16.0) -> 16 | K39: =IFERROR(__xludf.DUMMYFUNCTION("""COMPUTED_VALUE"""),16.0) -> 16
A40: 39 | B40: =IFERROR(__xludf.DUMMYFUNCTION("""COMPUTED_VALUE"""),"Fashion Technology") -> Fashion Technology | C40: =IFERROR(__xludf.DUMMYFUNCTION("""COMPUTED_VALUE"""),"Asisten Pembuat Pakaian 2") -> Asisten Pembuat Pakaian 2 | D40: =IFERROR(__xludf.DUMMYFUNCTION("""COMPUTED_VALUE"""),"PBK") -> PBK | G40: =IFERROR(__xludf.DUMMYFUNCTION("""COMPUTED_VALUE"""),"") | J40: =IFERROR(__xludf.DUMMYFUNCTION("""COMPUTED_VALUE"""),16.0) -> 16 | K40: =IFERROR(__xludf.DUMMYFUNCTION("""COMPUTED_VALUE"""),16.0) -> 16
A41: 40 | B41: =IFERROR(__xludf.DUMMYFUNCTION("""COMPUTED_VALUE"""),"Fashion Technology") -> Fashion Technology | C41: =IFERROR(__xludf.DUMMYFUNCTION("""COMPUTED_VALUE"""),"Asisten Pembuat Pakaian 3") -> Asisten Pembuat Pakaian 3 | D41: =IFERROR(__xludf.DUMMYFUNCTION("""COMPUTED_VALUE"""),"PBK") -> PBK | G41: =IFERROR(__xludf.DUMMYFUNCTION("""COMPUTED_VALUE"""),"") | J41: =IFERROR(__xludf.DUMMYFUNCTION("""COMPUTED_VALUE"""),"")
A42: 41 | B42: =IFERROR(__xludf.DUMMYFUNCTION("""COMPUTED_VALUE"""),"Fashion Technology") -> Fashion Technology | C42: =IFERROR(__xludf.DUMMYFUNCTION("""COMPUTED_VALUE"""),"Menjahit Pakaian Wanita Dewasa 1") -> Menjahit Pakaian Wanita Dewasa 1 | D42: =IFERROR(__xludf.DUMMYFUNCTION("""COMPUTED_VALUE"""),"PBK") -> PBK | G42: =IFERROR(__xludf.DUMMYFUNCTION("""COMPUTED_VALUE"""),"") | J42: =IFERROR(__xludf.DUMMYFUNCTION("""COMPUTED_VALUE"""),"")
A43: 42 | B43: =IFERROR(__xludf.DUMMYFUNCTION("""COMPUTED_VALUE"""),"Fashion Technology") -> Fashion Technology | C43: =IFERROR(__xludf.DUMMYFUNCTION("""COMPUTED_VALUE"""),"Menjahit Pakaian Wanita Dewasa 2") -> Menjahit Pakaian Wanita Dewasa 2 | D43: =IFERROR(__xludf.DUMMYFUNCTION("""COMPUTED_VALUE"""),"PBK") -> PBK | G43: =IFERROR(__xludf.DUMMYFUNCTION("""COMPUTED_VALUE"""),"") | J43: =IFERROR(__xludf.DUMMYFUNCTION("""COMPUTED_VALUE"""),"")
A44: 43 | B44: =IFERROR(__xludf.DUMMYFUNCTION("""COMPUTED_VALUE"""),"Fashion Technology") -> Fashion Technology | C44: =IFERROR(__xludf.DUMMYFUNCTION("""COMPUTED_VALUE"""),"Menjahit Pakaian Wanita Dewasa 3") -> Menjahit Pakaian Wanita Dewasa 3 | D44: =IFERROR(__xludf.DUMMYFUNCTION("""COMPUTED_VALUE"""),"PBK") -> PBK | G44: =IFERROR(__xludf.DUMMYFUNCTION("""COMPUTED_VALUE"""),"") | J44: =IFERROR(__xludf.DUMMYFUNCTION("""COMPUTED_VALUE"""),"")
A45: 44 | B45: =IFERROR(__xludf.DUMMYFUNCTION("""COMPUTED_VALUE"""),"Pariwisata") -> Pariwisata | C45: =IFERROR(__xludf.DUMMYFUNCTION("""COMPUTED_VALUE"""),"Peracikan Minuman Kopi 1") -> Peracikan Minuman Kopi 1 | D45: =IFERROR(__xludf.DUMMYFUNCTION("""COMPUTED_VALUE"""),"PBK") -> PBK | E45: =IFERROR(__xludf.DUMMYFUNCTION("""COMPUTED_VALUE"""),46195.0) -> 46195 | F45: =IFERROR(__xludf.DUMMYFUNCTION("""COMPUTED_VALUE"""),46225.0) -> 46225 | G45: =IFERROR(__xludf.DUMMYFUNCTION("""COMPUTED_VALUE"""),"Juni") -> Juni | J45: =IFERROR(__xludf.DUMMYFUNCTION("""COMPUTED_VALUE"""),13.0) -> 13 | K45: =IFERROR(__xludf.DUMMYFUNCTION("""COMPUTED_VALUE"""),4.0) -> 4 | L45: =IFERROR(__xludf.DUMMYFUNCTION("""COMPUTED_VALUE"""),9.0) -> 9
A46: 45 | B46: =IFERROR(__xludf.DUMMYFUNCTION("""COMPUTED_VALUE"""),"Pariwisata") -> Pariwisata | C46: =IFERROR(__xludf.DUMMYFUNCTION("""COMPUTED_VALUE"""),"Barista 2") -> Barista 2 | D46: =IFERROR(__xludf.DUMMYFUNCTION("""COMPUTED_VALUE"""),"PBK") -> PBK | G46: =IFERROR(__xludf.DUMMYFUNCTION("""COMPUTED_VALUE"""),"") | J46: =IFERROR(__xludf.DUMMYFUNCTION("""COMPUTED_VALUE"""),"")
A47: 46 | B47: =IFERROR(__xludf.DUMMYFUNCTION("""COMPUTED_VALUE"""),"Pariwisata") -> Pariwisata | C47: =IFERROR(__xludf.DUMMYFUNCTION("""COMPUTED_VALUE"""),"Menyiapkan Produk Roti/Bakery 1") -> Menyiapkan Produk Roti/Bakery 1 | D47: =IFERROR(__xludf.DUMMYFUNCTION("""COMPUTED_VALUE"""),"PBK") -> PBK | E47: =IFERROR(__xludf.DUMMYFUNCTION("""COMPUTED_VALUE"""),46195.0) -> 46195 | F47: =IFERROR(__xludf.DUMMYFUNCTION("""COMPUTED_VALUE"""),46218.0) -> 46218 | G47: =IFERROR(__xludf.DUMMYFUNCTION("""COMPUTED_VALUE"""),"Juni") -> Juni | J47: =IFERROR(__xludf.DUMMYFUNCTION("""COMPUTED_VALUE"""),16.0) -> 16 | K47: =IFERROR(__xludf.DUMMYFUNCTION("""COMPUTED_VALUE"""),12.0) -> 12 | L47: =IFERROR(__xludf.DUMMYFUNCTION("""COMPUTED_VALUE"""),4.0) -> 4
A48: 47 | B48: =IFERROR(__xludf.DUMMYFUNCTION("""COMPUTED_VALUE"""),"Pariwisata") -> Pariwisata | C48: =IFERROR(__xludf.DUMMYFUNCTION("""COMPUTED_VALUE"""),"Menyiapkan Produk Roti/Bakery 2") -> Menyiapkan Produk Roti/Bakery 2 | D48: =IFERROR(__xludf.DUMMYFUNCTION("""COMPUTED_VALUE"""),"PBK") -> PBK | G48: =IFERROR(__xludf.DUMMYFUNCTION("""COMPUTED_VALUE"""),"") | J48: =IFERROR(__xludf.DUMMYFUNCTION("""COMPUTED_VALUE"""),"")
A49: 48 | B49: =IFERROR(__xludf.DUMMYFUNCTION("""COMPUTED_VALUE"""),"Teknologi Pengolahan Pertanian") -> Teknologi Pengolahan Pertanian | C49: =IFERROR(__xludf.DUMMYFUNCTION("""COMPUTED_VALUE"""),"Pembuatan Roti dan Kue 1") -> Pembuatan Roti dan Kue 1 | D49: =IFERROR(__xludf.DUMMYFUNCTION("""COMPUTED_VALUE"""),"PBK") -> PBK | E49: =IFERROR(__xludf.DUMMYFUNCTION("""COMPUTED_VALUE"""),46195.0) -> 46195 | F49: =IFERROR(__xludf.DUMMYFUNCTION("""COMPUTED_VALUE"""),46218.0) -> 46218 | G49: =IFERROR(__xludf.DUMMYFUNCTION("""COMPUTED_VALUE"""),"Juni") -> Juni | J49: =IFERROR(__xludf.DUMMYFUNCTION("""COMPUTED_VALUE"""),16.0) -> 16 | K49: =IFERROR(__xludf.DUMMYFUNCTION("""COMPUTED_VALUE"""),12.0) -> 12 | L49: =IFERROR(__xludf.DUMMYFUNCTION("""COMPUTED_VALUE"""),4.0) -> 4
A50: 49 | B50: =IFERROR(__xludf.DUMMYFUNCTION("""COMPUTED_VALUE"""),"Teknologi Pengolahan Pertanian") -> Teknologi Pengolahan Pertanian | C50: =IFERROR(__xludf.DUMMYFUNCTION("""COMPUTED_VALUE"""),"Pembuatan Roti dan Kue 2") -> Pembuatan Roti dan Kue 2 | D50: =IFERROR(__xludf.DUMMYFUNCTION("""COMPUTED_VALUE"""),"PBK") -> PBK | G50: =IFERROR(__xludf.DUMMYFUNCTION("""COMPUTED_VALUE"""),"") | J50: =IFERROR(__xludf.DUMMYFUNCTION("""COMPUTED_VALUE"""),"")
A51: 50 | B51: =IFERROR(__xludf.DUMMYFUNCTION("""COMPUTED_VALUE"""),"TIK") -> TIK | C51: =IFERROR(__xludf.DUMMYFUNCTION("""COMPUTED_VALUE"""),"Junior Mobile Programmer 1") -> Junior Mobile Programmer 1 | D51: =IFERROR(__xludf.DUMMYFUNCTION("""COMPUTED_VALUE"""),"PBK") -> PBK | G51: =IFERROR(__xludf.DUMMYFUNCTION("""COMPUTED_VALUE"""),"") | J51: =IFERROR(__xludf.DUMMYFUNCTION("""COMPUTED_VALUE"""),"")
A52: 51 | B52: =IFERROR(__xludf.DUMMYFUNCTION("""COMPUTED_VALUE"""),"TIK") -> TIK | C52: =IFERROR(__xludf.DUMMYFUNCTION("""COMPUTED_VALUE"""),"Junior Mobile Programmer 2") -> Junior Mobile Programmer 2 | D52: =IFERROR(__xludf.DUMMYFUNCTION("""COMPUTED_VALUE"""),"PBK") -> PBK | G52: =IFERROR(__xludf.DUMMYFUNCTION("""COMPUTED_VALUE"""),"") | J52: =IFERROR(__xludf.DUMMYFUNCTION("""COMPUTED_VALUE"""),"")
A53: 52 | B53: =IFERROR(__xludf.DUMMYFUNCTION("""COMPUTED_VALUE"""),"TIK") -> TIK | C53: =IFERROR(__xludf.DUMMYFUNCTION("""COMPUTED_VALUE"""),"Computer Operator Assistant 1") -> Computer Operator Assistant 1 | D53: =IFERROR(__xludf.DUMMYFUNCTION("""COMPUTED_VALUE"""),"PBK") -> PBK | E53: =IFERROR(__xludf.DUMMYFUNCTION("""COMPUTED_VALUE"""),46113.0) -> 46113 | F53: =IFERROR(__xludf.DUMMYFUNCTION("""COMPUTED_VALUE"""),46163.0) -> 46163 | G53: =IFERROR(__xludf.DUMMYFUNCTION("""COMPUTED_VALUE"""),"April") -> April | H53: =IFERROR(__xludf.DUMMYFUNCTION("""COMPUTED_VALUE"""),12.0) -> 12 | I53: =IFERROR(__xludf.DUMMYFUNCTION("""COMPUTED_VALUE"""),0.0) -> 0 | J53: =IFERROR(__xludf.DUMMYFUNCTION("""COMPUTED_VALUE"""),12.0) -> 12 | K53: =IFERROR(__xludf.DUMMYFUNCTION("""COMPUTED_VALUE"""),6.0) -> 6 | L53: =IFERROR(__xludf.DUMMYFUNCTION("""COMPUTED_VALUE"""),6.0) -> 6
A54: 53 | B54: =IFERROR(__xludf.DUMMYFUNCTION("""COMPUTED_VALUE"""),"TIK") -> TIK | C54: =IFERROR(__xludf.DUMMYFUNCTION("""COMPUTED_VALUE"""),"Computer Operator Assistant 2") -> Computer Operator Assistant 2 | D54: =IFERROR(__xludf.DUMMYFUNCTION("""COMPUTED_VALUE"""),"PBK") -> PBK | E54: =IFERROR(__xludf.DUMMYFUNCTION("""COMPUTED_VALUE"""),46113.0) -> 46113 | F54: =IFERROR(__xludf.DUMMYFUNCTION("""COMPUTED_VALUE"""),46163.0) -> 46163 | G54: =IFERROR(__xludf.DUMMYFUNCTION("""COMPUTED_VALUE"""),"April") -> April | H54: =IFERROR(__xludf.DUMMYFUNCTION("""COMPUTED_VALUE"""),9.0) -> 9 | I54: =IFERROR(__xludf.DUMMYFUNCTION("""COMPUTED_VALUE"""),3.0) -> 3 | J54: =IFERROR(__xludf.DUMMYFUNCTION("""COMPUTED_VALUE"""),11.0) -> 11 | K54: =IFERROR(__xludf.DUMMYFUNCTION("""COMPUTED_VALUE"""),9.0) -> 9 | L54: =IFERROR(__xludf.DUMMYFUNCTION("""COMPUTED_VALUE"""),2.0) -> 2
A55: 54 | B55: =IFERROR(__xludf.DUMMYFUNCTION("""COMPUTED_VALUE"""),"TIK") -> TIK | C55: =IFERROR(__xludf.DUMMYFUNCTION("""COMPUTED_VALUE"""),"Computer Operator Assistant 3") -> Computer Operator Assistant 3 | D55: =IFERROR(__xludf.DUMMYFUNCTION("""COMPUTED_VALUE"""),"PBK") -> PBK | E55: =IFERROR(__xludf.DUMMYFUNCTION("""COMPUTED_VALUE"""),46113.0) -> 46113 | F55: =IFERROR(__xludf.DUMMYFUNCTION("""COMPUTED_VALUE"""),46163.0) -> 46163 | G55: =IFERROR(__xludf.DUMMYFUNCTION("""COMPUTED_VALUE"""),"April") -> April | H55: =IFERROR(__xludf.DUMMYFUNCTION("""COMPUTED_VALUE"""),14.0) -> 14 | I55: =IFERROR(__xludf.DUMMYFUNCTION("""COMPUTED_VALUE"""),0.0) -> 0 | J55: =IFERROR(__xludf.DUMMYFUNCTION("""COMPUTED_VALUE"""),14.0) -> 14 | K55: =IFERROR(__xludf.DUMMYFUNCTION("""COMPUTED_VALUE"""),14.0) -> 14 | L55: =IFERROR(__xludf.DUMMYFUNCTION("""COMPUTED_VALUE"""),0.0) -> 0
A56: 55 | B56: =IFERROR(__xludf.DUMMYFUNCTION("""COMPUTED_VALUE"""),"TIK") -> TIK | C56: =IFERROR(__xludf.DUMMYFUNCTION("""COMPUTED_VALUE"""),"Computer Operator Assistant 4") -> Computer Operator Assistant 4 | D56: =IFERROR(__xludf.DUMMYFUNCTION("""COMPUTED_VALUE"""),"PBK") -> PBK | G56: =IFERROR(__xludf.DUMMYFUNCTION("""COMPUTED_VALUE"""),"") | J56: =IFERROR(__xludf.DUMMYFUNCTION("""COMPUTED_VALUE"""),"")
A57: 56 | B57: =IFERROR(__xludf.DUMMYFUNCTION("""COMPUTED_VALUE"""),"TIK") -> TIK | C57: =IFERROR(__xludf.DUMMYFUNCTION("""COMPUTED_VALUE"""),"Menjadi Perancang UI/UX yang Kompeten di Industri") -> Menjadi Perancang UI/UX yang Kompeten di Industri | D57: =IFERROR(__xludf.DUMMYFUNCTION("""COMPUTED_VALUE"""),"TMT") -> TMT | E57: =IFERROR(__xludf.DUMMYFUNCTION("""COMPUTED_VALUE"""),46195.0) -> 46195 | F57: =IFERROR(__xludf.DUMMYFUNCTION("""COMPUTED_VALUE"""),46199.0) -> 46199 | G57: =IFERROR(__xludf.DUMMYFUNCTION("""COMPUTED_VALUE"""),"Juni") -> Juni | H57: =IFERROR(__xludf.DUMMYFUNCTION("""COMPUTED_VALUE"""),9.0) -> 9 | I57: =IFERROR(__xludf.DUMMYFUNCTION("""COMPUTED_VALUE"""),2.0) -> 2 | J57: =IFERROR(__xludf.DUMMYFUNCTION("""COMPUTED_VALUE"""),11.0) -> 11 | K57: =IFERROR(__xludf.DUMMYFUNCTION("""COMPUTED_VALUE"""),2.0) -> 2 | L57: =IFERROR(__xludf.DUMMYFUNCTION("""COMPUTED_VALUE"""),9.0) -> 9
A58: 57 | B58: =IFERROR(__xludf.DUMMYFUNCTION("""COMPUTED_VALUE"""),"Fashion Technology") -> Fashion Technology | C58: =IFERROR(__xludf.DUMMYFUNCTION("""COMPUTED_VALUE"""),"Menjahit Blouse Wanita") -> Menjahit Blouse Wanita | D58: =IFERROR(__xludf.DUMMYFUNCTION("""COMPUTED_VALUE"""),"TMT") -> TMT | E58: =IFERROR(__xludf.DUMMYFUNCTION("""COMPUTED_VALUE"""),46202.0) -> 46202 | F58: =IFERROR(__xludf.DUMMYFUNCTION("""COMPUTED_VALUE"""),46212.0) -> 46212 | G58: =IFERROR(__xludf.DUMMYFUNCTION("""COMPUTED_VALUE"""),"Juni") -> Juni | H58: =IFERROR(__xludf.DUMMYFUNCTION("""COMPUTED_VALUE"""),9.0) -> 9 | I58: =IFERROR(__xludf.DUMMYFUNCTION("""COMPUTED_VALUE"""),7.0) -> 7 | J58: =IFERROR(__xludf.DUMMYFUNCTION("""COMPUTED_VALUE"""),16.0) -> 16 | K58: =IFERROR(__xludf.DUMMYFUNCTION("""COMPUTED_VALUE"""),15.0) -> 15 | L58: =IFERROR(__xludf.DUMMYFUNCTION("""COMPUTED_VALUE"""),1.0) -> 1
A59: 58 | B59: =IFERROR(__xludf.DUMMYFUNCTION("""COMPUTED_VALUE"""),"Tata Kecantikan") -> Tata Kecantikan | C59: =IFERROR(__xludf.DUMMYFUNCTION("""COMPUTED_VALUE"""),"Daily Makeup 1") -> Daily Makeup 1 | D59: =IFERROR(__xludf.DUMMYFUNCTION("""COMPUTED_VALUE"""),"TMT") -> TMT | E59: =IFERROR(__xludf.DUMMYFUNCTION("""COMPUTED_VALUE"""),46202.0) -> 46202 | F59: =IFERROR(__xludf.DUMMYFUNCTION("""COMPUTED_VALUE"""),46212.0) -> 46212 | G59: =IFERROR(__xludf.DUMMYFUNCTION("""COMPUTED_VALUE"""),"Juni") -> Juni | H59: =IFERROR(__xludf.DUMMYFUNCTION("""COMPUTED_VALUE"""),16.0) -> 16 | I59: =IFERROR(__xludf.DUMMYFUNCTION("""COMPUTED_VALUE"""),0.0) -> 0 | J59: =IFERROR(__xludf.DUMMYFUNCTION("""COMPUTED_VALUE"""),16.0) -> 16 | K59: =IFERROR(__xludf.DUMMYFUNCTION("""COMPUTED_VALUE"""),16.0) -> 16 | L59: =IFERROR(__xludf.DUMMYFUNCTION("""COMPUTED_VALUE"""),0.0) -> 0
A60: 59 | B60: =IFERROR(__xludf.DUMMYFUNCTION("""COMPUTED_VALUE"""),"Pertanian") -> Pertanian | C60: =IFERROR(__xludf.DUMMYFUNCTION("""COMPUTED_VALUE"""),"Pembuatan Cocopeat 1") -> Pembuatan Cocopeat 1 | D60: =IFERROR(__xludf.DUMMYFUNCTION("""COMPUTED_VALUE"""),"TMT") -> TMT | E60: =IFERROR(__xludf.DUMMYFUNCTION("""COMPUTED_VALUE"""),46217.0) -> 46217 | F60: =IFERROR(__xludf.DUMMYFUNCTION("""COMPUTED_VALUE"""),-618522.0) -> -618522 | G60: =IFERROR(__xludf.DUMMYFUNCTION("""COMPUTED_VALUE"""),"Juli") -> Juli | H60: =IFERROR(__xludf.DUMMYFUNCTION("""COMPUTED_VALUE"""),16.0) -> 16 | I60: =IFERROR(__xludf.DUMMYFUNCTION("""COMPUTED_VALUE"""),0.0) -> 0 | J60: =IFERROR(__xludf.DUMMYFUNCTION("""COMPUTED_VALUE"""),16.0) -> 16 | K60: =IFERROR(__xludf.DUMMYFUNCTION("""COMPUTED_VALUE"""),0.0) -> 0 | L60: =IFERROR(__xludf.DUMMYFUNCTION("""COMPUTED_VALUE"""),16.0) -> 16
A61: 60 | B61: =IFERROR(__xludf.DUMMYFUNCTION("""COMPUTED_VALUE"""),"Pertanian") -> Pertanian | C61: =IFERROR(__xludf.DUMMYFUNCTION("""COMPUTED_VALUE"""),"Pembuatan Cocopeat 2") -> Pembuatan Cocopeat 2 | D61: =IFERROR(__xludf.DUMMYFUNCTION("""COMPUTED_VALUE"""),"TMT") -> TMT | E61: =IFERROR(__xludf.DUMMYFUNCTION("""COMPUTED_VALUE"""),46221.0) -> 46221 | F61: =IFERROR(__xludf.DUMMYFUNCTION("""COMPUTED_VALUE"""),46225.0) -> 46225 | G61: =IFERROR(__xludf.DUMMYFUNCTION("""COMPUTED_VALUE"""),"Juli") -> Juli | H61: =IFERROR(__xludf.DUMMYFUNCTION("""COMPUTED_VALUE"""),16.0) -> 16 | I61: =IFERROR(__xludf.DUMMYFUNCTION("""COMPUTED_VALUE"""),0.0) -> 0 | J61: =IFERROR(__xludf.DUMMYFUNCTION("""COMPUTED_VALUE"""),16.0) -> 16 | K61: =IFERROR(__xludf.DUMMYFUNCTION("""COMPUTED_VALUE"""),10.0) -> 10 | L61: =IFERROR(__xludf.DUMMYFUNCTION("""COMPUTED_VALUE"""),6.0) -> 6
A62: 61 | B62: =IFERROR(__xludf.DUMMYFUNCTION("""COMPUTED_VALUE"""),"Teknologi Pengolahan Pertanian") -> Teknologi Pengolahan Pertanian | C62: =IFERROR(__xludf.DUMMYFUNCTION("""COMPUTED_VALUE"""),"Pengolahan Roti dan Kue") -> Pengolahan Roti dan Kue | D62: =IFERROR(__xludf.DUMMYFUNCTION("""COMPUTED_VALUE"""),"TMT") -> TMT | E62: =IFERROR(__xludf.DUMMYFUNCTION("""COMPUTED_VALUE"""),46217.0) -> 46217 | F62: =IFERROR(__xludf.DUMMYFUNCTION("""COMPUTED_VALUE"""),46225.0) -> 46225 | G62: =IFERROR(__xludf.DUMMYFUNCTION("""COMPUTED_VALUE"""),"Juli") -> Juli | H62: =IFERROR(__xludf.DUMMYFUNCTION("""COMPUTED_VALUE"""),15.0) -> 15 | I62: =IFERROR(__xludf.DUMMYFUNCTION("""COMPUTED_VALUE"""),1.0) -> 1 | J62: =IFERROR(__xludf.DUMMYFUNCTION("""COMPUTED_VALUE"""),16.0) -> 16 | K62: =IFERROR(__xludf.DUMMYFUNCTION("""COMPUTED_VALUE"""),16.0) -> 16 | L62: =IFERROR(__xludf.DUMMYFUNCTION("""COMPUTED_VALUE"""),0.0) -> 0
A63: 62 | B63: =IFERROR(__xludf.DUMMYFUNCTION("""COMPUTED_VALUE"""),"Tata Kecantikan") -> Tata Kecantikan | C63: =IFERROR(__xludf.DUMMYFUNCTION("""COMPUTED_VALUE"""),"Daily Makeup 2") -> Daily Makeup 2 | D63: =IFERROR(__xludf.DUMMYFUNCTION("""COMPUTED_VALUE"""),"TMT") -> TMT | E63: =IFERROR(__xludf.DUMMYFUNCTION("""COMPUTED_VALUE"""),46217.0) -> 46217 | F63: =IFERROR(__xludf.DUMMYFUNCTION("""COMPUTED_VALUE"""),46225.0) -> 46225 | G63: =IFERROR(__xludf.DUMMYFUNCTION("""COMPUTED_VALUE"""),"Juli") -> Juli | H63: =IFERROR(__xludf.DUMMYFUNCTION("""COMPUTED_VALUE"""),16.0) -> 16 | I63: =IFERROR(__xludf.DUMMYFUNCTION("""COMPUTED_VALUE"""),0.0) -> 0 | J63: =IFERROR(__xludf.DUMMYFUNCTION("""COMPUTED_VALUE"""),16.0) -> 16 | K63: =IFERROR(__xludf.DUMMYFUNCTION("""COMPUTED_VALUE"""),16.0) -> 16 | L63: =IFERROR(__xludf.DUMMYFUNCTION("""COMPUTED_VALUE"""),0.0) -> 0
A64: 63 | B64: =IFERROR(__xludf.DUMMYFUNCTION("""COMPUTED_VALUE"""),"Tata Kecantikan") -> Tata Kecantikan | C64: =IFERROR(__xludf.DUMMYFUNCTION("""COMPUTED_VALUE"""),"Daily Makeup 3") -> Daily Makeup 3 | D64: =IFERROR(__xludf.DUMMYFUNCTION("""COMPUTED_VALUE"""),"TMT") -> TMT | E64: =IFERROR(__xludf.DUMMYFUNCTION("""COMPUTED_VALUE"""),46217.0) -> 46217 | F64: =IFERROR(__xludf.DUMMYFUNCTION("""COMPUTED_VALUE"""),46220.0) -> 46220 | G64: =IFERROR(__xludf.DUMMYFUNCTION("""COMPUTED_VALUE"""),"Juli") -> Juli | H64: =IFERROR(__xludf.DUMMYFUNCTION("""COMPUTED_VALUE"""),16.0) -> 16 | I64: =IFERROR(__xludf.DUMMYFUNCTION("""COMPUTED_VALUE"""),0.0) -> 0 | J64: =IFERROR(__xludf.DUMMYFUNCTION("""COMPUTED_VALUE"""),16.0) -> 16 | K64: =IFERROR(__xludf.DUMMYFUNCTION("""COMPUTED_VALUE"""),16.0) -> 16 | L64: =IFERROR(__xludf.DUMMYFUNCTION("""COMPUTED_VALUE"""),0.0) -> 0
A65: 64 | B65: =IFERROR(__xludf.DUMMYFUNCTION("""COMPUTED_VALUE"""),"Tata Kecantikan") -> Tata Kecantikan | C65: =IFERROR(__xludf.DUMMYFUNCTION("""COMPUTED_VALUE"""),"Daily Makeup 4") -> Daily Makeup 4 | D65: =IFERROR(__xludf.DUMMYFUNCTION("""COMPUTED_VALUE"""),"TMT") -> TMT | E65: =IFERROR(__xludf.DUMMYFUNCTION("""COMPUTED_VALUE"""),46226.0) -> 46226 | F65: =IFERROR(__xludf.DUMMYFUNCTION("""COMPUTED_VALUE"""),46230.0) -> 46230 | G65: =IFERROR(__xludf.DUMMYFUNCTION("""COMPUTED_VALUE"""),"Juli") -> Juli | J65: =IFERROR(__xludf.DUMMYFUNCTION("""COMPUTED_VALUE"""),16.0) -> 16 | K65: =IFERROR(__xludf.DUMMYFUNCTION("""COMPUTED_VALUE"""),16.0) -> 16 | L65: =IFERROR(__xludf.DUMMYFUNCTION("""COMPUTED_VALUE"""),0.0) -> 0
A66: 65 | B66: =IFERROR(__xludf.DUMMYFUNCTION("""COMPUTED_VALUE"""),"Teknologi Pengolahan Pertanian") -> Teknologi Pengolahan Pertanian | C66: =IFERROR(__xludf.DUMMYFUNCTION("""COMPUTED_VALUE"""),"Produksi Roti dan Kue") -> Produksi Roti dan Kue | D66: =IFERROR(__xludf.DUMMYFUNCTION("""COMPUTED_VALUE"""),"TMT") -> TMT | E66: =IFERROR(__xludf.DUMMYFUNCTION("""COMPUTED_VALUE"""),46217.0) -> 46217 | F66: =IFERROR(__xludf.DUMMYFUNCTION("""COMPUTED_VALUE"""),46220.0) -> 46220 | G66: =IFERROR(__xludf.DUMMYFUNCTION("""COMPUTED_VALUE"""),"Juli") -> Juli | H66: =IFERROR(__xludf.DUMMYFUNCTION("""COMPUTED_VALUE"""),16.0) -> 16 | I66: =IFERROR(__xludf.DUMMYFUNCTION("""COMPUTED_VALUE"""),0.0) -> 0 | J66: =IFERROR(__xludf.DUMMYFUNCTION("""COMPUTED_VALUE"""),16.0) -> 16 | K66: =IFERROR(__xludf.DUMMYFUNCTION("""COMPUTED_VALUE"""),16.0) -> 16 | L66: =IFERROR(__xludf.DUMMYFUNCTION("""COMPUTED_VALUE"""),0.0) -> 0
A67: 66 | B67: =IFERROR(__xludf.DUMMYFUNCTION("""COMPUTED_VALUE"""),"Teknologi Pengolahan Pertanian") -> Teknologi Pengolahan Pertanian | C67: =IFERROR(__xludf.DUMMYFUNCTION("""COMPUTED_VALUE"""),"Produksi Roti dan Kue") -> Produksi Roti dan Kue | D67: =IFERROR(__xludf.DUMMYFUNCTION("""COMPUTED_VALUE"""),"TMT") -> TMT | E67: =IFERROR(__xludf.DUMMYFUNCTION("""COMPUTED_VALUE"""),46221.0) -> 46221 | F67: =IFERROR(__xludf.DUMMYFUNCTION("""COMPUTED_VALUE"""),46225.0) -> 46225 | G67: =IFERROR(__xludf.DUMMYFUNCTION("""COMPUTED_VALUE"""),"Juli") -> Juli | H67: =IFERROR(__xludf.DUMMYFUNCTION("""COMPUTED_VALUE"""),16.0) -> 16 | I67: =IFERROR(__xludf.DUMMYFUNCTION("""COMPUTED_VALUE"""),0.0) -> 0 | J67: =IFERROR(__xludf.DUMMYFUNCTION("""COMPUTED_VALUE"""),16.0) -> 16 | K67: =IFERROR(__xludf.DUMMYFUNCTION("""COMPUTED_VALUE"""),16.0) -> 16 | L67: =IFERROR(__xludf.DUMMYFUNCTION("""COMPUTED_VALUE"""),0.0) -> 0
A68: 67 | B68: =IFERROR(__xludf.DUMMYFUNCTION("""COMPUTED_VALUE"""),"Fashion Technology") -> Fashion Technology | C68: =IFERROR(__xludf.DUMMYFUNCTION("""COMPUTED_VALUE"""),"Teknik Dasar dan Lanjutan Menjahit Busana Wanita Deawasa") -> Teknik Dasar dan Lanjutan Menjahit Busana Wanita Deawasa | D68: =IFERROR(__xludf.DUMMYFUNCTION("""COMPUTED_VALUE"""),"TMT") -> TMT | E68: =IFERROR(__xludf.DUMMYFUNCTION("""COMPUTED_VALUE"""),46216.0) -> 46216 | F68: =IFERROR(__xludf.DUMMYFUNCTION("""COMPUTED_VALUE"""),46219.0) -> 46219 | G68: =IFERROR(__xludf.DUMMYFUNCTION("""COMPUTED_VALUE"""),"Juli") -> Juli | H68: =IFERROR(__xludf.DUMMYFUNCTION("""COMPUTED_VALUE"""),16.0) -> 16 | I68: =IFERROR(__xludf.DUMMYFUNCTION("""COMPUTED_VALUE"""),0.0) -> 0 | J68: =IFERROR(__xludf.DUMMYFUNCTION("""COMPUTED_VALUE"""),16.0) -> 16 | K68: =IFERROR(__xludf.DUMMYFUNCTION("""COMPUTED_VALUE"""),16.0) -> 16 | L68: =IFERROR(__xludf.DUMMYFUNCTION("""COMPUTED_VALUE"""),0.0) -> 0
A69: 68 | B69: =IFERROR(__xludf.DUMMYFUNCTION("""COMPUTED_VALUE"""),"Fashion Technology") -> Fashion Technology | C69: =IFERROR(__xludf.DUMMYFUNCTION("""COMPUTED_VALUE"""),"Teknik Dasar dan Lanjutan Menjahit Busana Wanita Deawasa") -> Teknik Dasar dan Lanjutan Menjahit Busana Wanita Deawasa | D69: =IFERROR(__xludf.DUMMYFUNCTION("""COMPUTED_VALUE"""),"TMT") -> TMT | E69: =IFERROR(__xludf.DUMMYFUNCTION("""COMPUTED_VALUE"""),46220.0) -> 46220 | F69: =IFERROR(__xludf.DUMMYFUNCTION("""COMPUTED_VALUE"""),46224.0) -> 46224 | G69: =IFERROR(__xludf.DUMMYFUNCTION("""COMPUTED_VALUE"""),"Juli") -> Juli | J69: =IFERROR(__xludf.DUMMYFUNCTION("""COMPUTED_VALUE"""),"")
A70: 69 | B70: =IFERROR(__xludf.DUMMYFUNCTION("""COMPUTED_VALUE"""),"Tata Kecantikan") -> Tata Kecantikan | C70: =IFERROR(__xludf.DUMMYFUNCTION("""COMPUTED_VALUE"""),"Daily Makeup 5") -> Daily Makeup 5 | D70: =IFERROR(__xludf.DUMMYFUNCTION("""COMPUTED_VALUE"""),"TMT") -> TMT | E70: =IFERROR(__xludf.DUMMYFUNCTION("""COMPUTED_VALUE"""),46216.0) -> 46216 | F70: =IFERROR(__xludf.DUMMYFUNCTION("""COMPUTED_VALUE"""),46219.0) -> 46219 | G70: =IFERROR(__xludf.DUMMYFUNCTION("""COMPUTED_VALUE"""),"Juli") -> Juli | H70: =IFERROR(__xludf.DUMMYFUNCTION("""COMPUTED_VALUE"""),16.0) -> 16 | I70: =IFERROR(__xludf.DUMMYFUNCTION("""COMPUTED_VALUE"""),0.0) -> 0 | J70: =IFERROR(__xludf.DUMMYFUNCTION("""COMPUTED_VALUE"""),16.0) -> 16 | K70: =IFERROR(__xludf.DUMMYFUNCTION("""COMPUTED_VALUE"""),16.0) -> 16 | L70: =IFERROR(__xludf.DUMMYFUNCTION("""COMPUTED_VALUE"""),0.0) -> 0
A71: 70 | B71: =IFERROR(__xludf.DUMMYFUNCTION("""COMPUTED_VALUE"""),"Tata Kecantikan") -> Tata Kecantikan | C71: =IFERROR(__xludf.DUMMYFUNCTION("""COMPUTED_VALUE"""),"Daily Makeup") -> Daily Makeup | D71: =IFERROR(__xludf.DUMMYFUNCTION("""COMPUTED_VALUE"""),"TMT") -> TMT | E71: =IFERROR(__xludf.DUMMYFUNCTION("""COMPUTED_VALUE"""),46220.0) -> 46220 | F71: =IFERROR(__xludf.DUMMYFUNCTION("""COMPUTED_VALUE"""),46224.0) -> 46224 | G71: =IFERROR(__xludf.DUMMYFUNCTION("""COMPUTED_VALUE"""),"Juli") -> Juli | H71: =IFERROR(__xludf.DUMMYFUNCTION("""COMPUTED_VALUE"""),16.0) -> 16 | I71: =IFERROR(__xludf.DUMMYFUNCTION("""COMPUTED_VALUE"""),0.0) -> 0 | J71: =IFERROR(__xludf.DUMMYFUNCTION("""COMPUTED_VALUE"""),16.0) -> 16 | K71: =IFERROR(__xludf.DUMMYFUNCTION("""COMPUTED_VALUE"""),16.0) -> 16 | L71: =IFERROR(__xludf.DUMMYFUNCTION("""COMPUTED_VALUE"""),0.0) -> 0
A72: 71 | B72: =IFERROR(__xludf.DUMMYFUNCTION("""COMPUTED_VALUE"""),"Pariwisata") -> Pariwisata | C72: =IFERROR(__xludf.DUMMYFUNCTION("""COMPUTED_VALUE"""),"Pembuatan Berbagai Jenis Roti Manis") -> Pembuatan Berbagai Jenis Roti Manis | D72: =IFERROR(__xludf.DUMMYFUNCTION("""COMPUTED_VALUE"""),"TMT") -> TMT | E72: =IFERROR(__xludf.DUMMYFUNCTION("""COMPUTED_VALUE"""),46216.0) -> 46216 | F72: =IFERROR(__xludf.DUMMYFUNCTION("""COMPUTED_VALUE"""),46219.0) -> 46219 | G72: =IFERROR(__xludf.DUMMYFUNCTION("""COMPUTED_VALUE"""),"Juli") -> Juli | H72: =IFERROR(__xludf.DUMMYFUNCTION("""COMPUTED_VALUE"""),16.0) -> 16 | I72: =IFERROR(__xludf.DUMMYFUNCTION("""COMPUTED_VALUE"""),0.0) -> 0 | J72: =IFERROR(__xludf.DUMMYFUNCTION("""COMPUTED_VALUE"""),16.0) -> 16 | K72: =IFERROR(__xludf.DUMMYFUNCTION("""COMPUTED_VALUE"""),15.0) -> 15 | L72: =IFERROR(__xludf.DUMMYFUNCTION("""COMPUTED_VALUE"""),1.0) -> 1
A73: 72 | B73: =IFERROR(__xludf.DUMMYFUNCTION("""COMPUTED_VALUE"""),"Pariwisata") -> Pariwisata | C73: =IFERROR(__xludf.DUMMYFUNCTION("""COMPUTED_VALUE"""),"Pembuatan Berbagai Jenis Roti Manis") -> Pembuatan Berbagai Jenis Roti Manis | D73: =IFERROR(__xludf.DUMMYFUNCTION("""COMPUTED_VALUE"""),"TMT") -> TMT | E73: =IFERROR(__xludf.DUMMYFUNCTION("""COMPUTED_VALUE"""),46223.0) -> 46223 | F73: =IFERROR(__xludf.DUMMYFUNCTION("""COMPUTED_VALUE"""),46226.0) -> 46226 | G73: =IFERROR(__xludf.DUMMYFUNCTION("""COMPUTED_VALUE"""),"Juli") -> Juli | J73: =IFERROR(__xludf.DUMMYFUNCTION("""COMPUTED_VALUE"""),"")
A74: 73 | B74: =IFERROR(__xludf.DUMMYFUNCTION("""COMPUTED_VALUE"""),"Pariwisata") -> Pariwisata | C74: =IFERROR(__xludf.DUMMYFUNCTION("""COMPUTED_VALUE"""),"Barista ") -> Barista | D74: =IFERROR(__xludf.DUMMYFUNCTION("""COMPUTED_VALUE"""),"TMT") -> TMT | E74: =IFERROR(__xludf.DUMMYFUNCTION("""COMPUTED_VALUE"""),46216.0) -> 46216 | F74: =IFERROR(__xludf.DUMMYFUNCTION("""COMPUTED_VALUE"""),46219.0) -> 46219 | G74: =IFERROR(__xludf.DUMMYFUNCTION("""COMPUTED_VALUE"""),"Juli") -> Juli | J74: =IFERROR(__xludf.DUMMYFUNCTION("""COMPUTED_VALUE"""),"")
A75: 74 | B75: =IFERROR(__xludf.DUMMYFUNCTION("""COMPUTED_VALUE"""),"Pariwisata") -> Pariwisata | C75: =IFERROR(__xludf.DUMMYFUNCTION("""COMPUTED_VALUE"""),"Barista") -> Barista | D75: =IFERROR(__xludf.DUMMYFUNCTION("""COMPUTED_VALUE"""),"TMT") -> TMT | E75: =IFERROR(__xludf.DUMMYFUNCTION("""COMPUTED_VALUE"""),46220.0) -> 46220 | F75: =IFERROR(__xludf.DUMMYFUNCTION("""COMPUTED_VALUE"""),46224.0) -> 46224 | G75: =IFERROR(__xludf.DUMMYFUNCTION("""COMPUTED_VALUE"""),"Juli") -> Juli | J75: =IFERROR(__xludf.DUMMYFUNCTION("""COMPUTED_VALUE"""),"")
A76: 75 | B76: =IFERROR(__xludf.DUMMYFUNCTION("""COMPUTED_VALUE"""),"Pariwisata") -> Pariwisata | C76: =IFERROR(__xludf.DUMMYFUNCTION("""COMPUTED_VALUE"""),"Houseskeeping") -> Houseskeeping | D76: =IFERROR(__xludf.DUMMYFUNCTION("""COMPUTED_VALUE"""),"TMT") -> TMT | E76: =IFERROR(__xludf.DUMMYFUNCTION("""COMPUTED_VALUE"""),46227.0) -> 46227 | F76: =IFERROR(__xludf.DUMMYFUNCTION("""COMPUTED_VALUE"""),46231.0) -> 46231 | G76: =IFERROR(__xludf.DUMMYFUNCTION("""COMPUTED_VALUE"""),"Juli") -> Juli | J76: =IFERROR(__xludf.DUMMYFUNCTION("""COMPUTED_VALUE"""),"")
A77: 76 | B77: =IFERROR(__xludf.DUMMYFUNCTION("""COMPUTED_VALUE"""),"Pariwisata") -> Pariwisata | C77: =IFERROR(__xludf.DUMMYFUNCTION("""COMPUTED_VALUE"""),"Barista") -> Barista | D77: =IFERROR(__xludf.DUMMYFUNCTION("""COMPUTED_VALUE"""),"TMT") -> TMT | E77: =IFERROR(__xludf.DUMMYFUNCTION("""COMPUTED_VALUE"""),46227.0) -> 46227 | F77: =IFERROR(__xludf.DUMMYFUNCTION("""COMPUTED_VALUE"""),46235.0) -> 46235 | G77: =IFERROR(__xludf.DUMMYFUNCTION("""COMPUTED_VALUE"""),"Juli") -> Juli | J77: =IFERROR(__xludf.DUMMYFUNCTION("""COMPUTED_VALUE"""),"")
A78: 77 | B78: =IFERROR(__xludf.DUMMYFUNCTION("""COMPUTED_VALUE"""),"Teknologi Pengolahan Pertanian") -> Teknologi Pengolahan Pertanian | C78: =IFERROR(__xludf.DUMMYFUNCTION("""COMPUTED_VALUE"""),"Produksi Roti dan Kue") -> Produksi Roti dan Kue | D78: =IFERROR(__xludf.DUMMYFUNCTION("""COMPUTED_VALUE"""),"TMT") -> TMT | E78: =IFERROR(__xludf.DUMMYFUNCTION("""COMPUTED_VALUE"""),46227.0) -> 46227 | F78: =IFERROR(__xludf.DUMMYFUNCTION("""COMPUTED_VALUE"""),46231.0) -> 46231 | G78: =IFERROR(__xludf.DUMMYFUNCTION("""COMPUTED_VALUE"""),"Juli") -> Juli | J78: =IFERROR(__xludf.DUMMYFUNCTION("""COMPUTED_VALUE"""),"")
A79: 78 | B79: =IFERROR(__xludf.DUMMYFUNCTION("""COMPUTED_VALUE"""),"Tata Kecantikan") -> Tata Kecantikan | C79: =IFERROR(__xludf.DUMMYFUNCTION("""COMPUTED_VALUE"""),"Daily Makeup") -> Daily Makeup | D79: =IFERROR(__xludf.DUMMYFUNCTION("""COMPUTED_VALUE"""),"TMT") -> TMT | E79: =IFERROR(__xludf.DUMMYFUNCTION("""COMPUTED_VALUE"""),46227.0) -> 46227 | F79: =IFERROR(__xludf.DUMMYFUNCTION("""COMPUTED_VALUE"""),46231.0) -> 46231 | G79: =IFERROR(__xludf.DUMMYFUNCTION("""COMPUTED_VALUE"""),"Juli") -> Juli | J79: =IFERROR(__xludf.DUMMYFUNCTION("""COMPUTED_VALUE"""),"")
A80: 79 | B80: =IFERROR(__xludf.DUMMYFUNCTION("""COMPUTED_VALUE"""),"Tata Kecantikan") -> Tata Kecantikan | C80: =IFERROR(__xludf.DUMMYFUNCTION("""COMPUTED_VALUE"""),"Daily Makeup") -> Daily Makeup | D80: =IFERROR(__xludf.DUMMYFUNCTION("""COMPUTED_VALUE"""),"TMT") -> TMT | E80: =IFERROR(__xludf.DUMMYFUNCTION("""COMPUTED_VALUE"""),46232.0) -> 46232 | F80: =IFERROR(__xludf.DUMMYFUNCTION("""COMPUTED_VALUE"""),46235.0) -> 46235 | G80: =IFERROR(__xludf.DUMMYFUNCTION("""COMPUTED_VALUE"""),"Juli") -> Juli | J80: =IFERROR(__xludf.DUMMYFUNCTION("""COMPUTED_VALUE"""),"")
A81: 80 | B81: =IFERROR(__xludf.DUMMYFUNCTION("""COMPUTED_VALUE"""),"Pariwisata") -> Pariwisata | C81: =IFERROR(__xludf.DUMMYFUNCTION("""COMPUTED_VALUE"""),"Front Office") -> Front Office | D81: =IFERROR(__xludf.DUMMYFUNCTION("""COMPUTED_VALUE"""),"TMT") -> TMT | E81: =IFERROR(__xludf.DUMMYFUNCTION("""COMPUTED_VALUE"""),46227.0) -> 46227 | F81: =IFERROR(__xludf.DUMMYFUNCTION("""COMPUTED_VALUE"""),46231.0) -> 46231 | G81: =IFERROR(__xludf.DUMMYFUNCTION("""COMPUTED_VALUE"""),"Juli") -> Juli | J81: =IFERROR(__xludf.DUMMYFUNCTION("""COMPUTED_VALUE"""),"")
A82: 81 | D82: =IFERROR(__xludf.DUMMYFUNCTION("""COMPUTED_VALUE"""),"TMT") -> TMT | G82: =IFERROR(__xludf.DUMMYFUNCTION("""COMPUTED_VALUE"""),"") | J82: =IFERROR(__xludf.DUMMYFUNCTION("""COMPUTED_VALUE"""),"")
A83: 82 | D83: =IFERROR(__xludf.DUMMYFUNCTION("""COMPUTED_VALUE"""),"TMT") -> TMT | G83: =IFERROR(__xludf.DUMMYFUNCTION("""COMPUTED_VALUE"""),"") | J83: =IFERROR(__xludf.DUMMYFUNCTION("""COMPUTED_VALUE"""),"")
A84: 83 | D84: =IFERROR(__xludf.DUMMYFUNCTION("""COMPUTED_VALUE"""),"TMT") -> TMT | G84: =IFERROR(__xludf.DUMMYFUNCTION("""COMPUTED_VALUE"""),"") | J84: =IFERROR(__xludf.DUMMYFUNCTION("""COMPUTED_VALUE"""),"")
A85: 84 | D85: =IFERROR(__xludf.DUMMYFUNCTION("""COMPUTED_VALUE"""),"TMT") -> TMT | G85: =IFERROR(__xludf.DUMMYFUNCTION("""COMPUTED_VALUE"""),"") | J85: =IFERROR(__xludf.DUMMYFUNCTION("""COMPUTED_VALUE"""),"")
A86: 85 | D86: =IFERROR(__xludf.DUMMYFUNCTION("""COMPUTED_VALUE"""),"TMT") -> TMT | G86: =IFERROR(__xludf.DUMMYFUNCTION("""COMPUTED_VALUE"""),"") | J86: =IFERROR(__xludf.DUMMYFUNCTION("""COMPUTED_VALUE"""),"")
A87: 86 | D87: =IFERROR(__xludf.DUMMYFUNCTION("""COMPUTED_VALUE"""),"TMT") -> TMT | G87: =IFERROR(__xludf.DUMMYFUNCTION("""COMPUTED_VALUE"""),"") | J87: =IFERROR(__xludf.DUMMYFUNCTION("""COMPUTED_VALUE"""),"")
A88: 87 | D88: =IFERROR(__xludf.DUMMYFUNCTION("""COMPUTED_VALUE"""),"TMT") -> TMT | G88: =IFERROR(__xludf.DUMMYFUNCTION("""COMPUTED_VALUE"""),"") | J88: =IFERROR(__xludf.DUMMYFUNCTION("""COMPUTED_VALUE"""),"")
A89: 88 | D89: =IFERROR(__xludf.DUMMYFUNCTION("""COMPUTED_VALUE"""),"TMT") -> TMT | G89: =IFERROR(__xludf.DUMMYFUNCTION("""COMPUTED_VALUE"""),"") | J89: =IFERROR(__xludf.DUMMYFUNCTION("""COMPUTED_VALUE"""),"")
A90: 89 | D90: =IFERROR(__xludf.DUMMYFUNCTION("""COMPUTED_VALUE"""),"TMT") -> TMT | G90: =IFERROR(__xludf.DUMMYFUNCTION("""COMPUTED_VALUE"""),"") | J90: =IFERROR(__xludf.DUMMYFUNCTION("""COMPUTED_VALUE"""),"")
A91: 90 | D91: =IFERROR(__xludf.DUMMYFUNCTION("""COMPUTED_VALUE"""),"TMT") -> TMT | G91: =IFERROR(__xludf.DUMMYFUNCTION("""COMPUTED_VALUE"""),"") | J91: =IFERROR(__xludf.DUMMYFUNCTION("""COMPUTED_VALUE"""),"")
A92: 91 | D92: =IFERROR(__xludf.DUMMYFUNCTION("""COMPUTED_VALUE"""),"TMT") -> TMT | G92: =IFERROR(__xludf.DUMMYFUNCTION("""COMPUTED_VALUE"""),"") | J92: =IFERROR(__xludf.DUMMYFUNCTION("""COMPUTED_VALUE"""),"")
A93: 92 | D93: =IFERROR(__xludf.DUMMYFUNCTION("""COMPUTED_VALUE"""),"TMT") -> TMT | G93: =IFERROR(__xludf.DUMMYFUNCTION("""COMPUTED_VALUE"""),"") | J93: =IFERROR(__xludf.DUMMYFUNCTION("""COMPUTED_VALUE"""),"")
... A103: 102 | D103: =IFERROR(__xludf.DUMMYFUNCTION("""COMPUTED_VALUE"""),"TMT") -> TMT | G103: =IFERROR(__xludf.DUMMYFUNCTION("""COMPUTED_VALUE"""),"") | J103: =IFERROR(__xludf.DUMMYFUNCTION("""COMPUTED_VALUE"""),"")
D104: =IFERROR(__xludf.DUMMYFUNCTION("""COMPUTED_VALUE"""),"TMT") -> TMT | G104: =IFERROR(__xludf.DUMMYFUNCTION("""COMPUTED_VALUE"""),"") | J104: =IFERROR(__xludf.DUMMYFUNCTION("""COMPUTED_VALUE"""),"")
D105: =IFERROR(__xludf.DUMMYFUNCTION("""COMPUTED_VALUE"""),"TMT") -> TMT | G105: =IFERROR(__xludf.DUMMYFUNCTION("""COMPUTED_VALUE"""),"") | J105: =IFERROR(__xludf.DUMMYFUNCTION("""COMPUTED_VALUE"""),"")
D106: =IFERROR(__xludf.DUMMYFUNCTION("""COMPUTED_VALUE"""),"TMT") -> TMT | G106: =IFERROR(__xludf.DUMMYFUNCTION("""COMPUTED_VALUE"""),"") | J106: =IFERROR(__xludf.DUMMYFUNCTION("""COMPUTED_VALUE"""),"")
D107: =IFERROR(__xludf.DUMMYFUNCTION("""COMPUTED_VALUE"""),"TMT") -> TMT | G107: =IFERROR(__xludf.DUMMYFUNCTION("""COMPUTED_VALUE"""),"") | J107: =IFERROR(__xludf.DUMMYFUNCTION("""COMPUTED_VALUE"""),"")
D108: =IFERROR(__xludf.DUMMYFUNCTION("""COMPUTED_VALUE"""),"TMT") -> TMT | G108: =IFERROR(__xludf.DUMMYFUNCTION("""COMPUTED_VALUE"""),"") | J108: =IFERROR(__xludf.DUMMYFUNCTION("""COMPUTED_VALUE"""),"")
D109: =IFERROR(__xludf.DUMMYFUNCTION("""COMPUTED_VALUE"""),"TMT") -> TMT | G109: =IFERROR(__xludf.DUMMYFUNCTION("""COMPUTED_VALUE"""),"") | J109: =IFERROR(__xludf.DUMMYFUNCTION("""COMPUTED_VALUE"""),"")
...

Sheet Pelatihan2
A1: Kejuruan | B1: Jumlah Peserta Pelatihan | D1: Gender | E1: Jumlah Peserta Pelatihan | G1: Kabupaten/Kota | H1: Jumlah Peserta Pelatihan | J1: Pendidikan | K1: Jumlah Peserta Pelatihan | M1: Rentang Usia | N1: Jumlah Peserta Pelatihan
A2: =IFERROR(__xludf.DUMMYFUNCTION("importrange(""https://docs.google.com/spreadsheets/d/1d5jZRF54iX3SxYB3XXzNSD7tMPduQMIhRz21oSv_vsU/edit?gid=1253744388#gid=1253744388"",""Data Pelatihan!A2:B20"")"),"Otomotif") -> Otomotif | B2: =IFERROR(__xludf.DUMMYFUNCTION("""COMPUTED_VALUE"""),207.0) -> 207 | D2: =IFERROR(__xludf.DUMMYFUNCTION("importrange(""https://docs.google.com/spreadsheets/d/1d5jZRF54iX3SxYB3XXzNSD7tMPduQMIhRz21oSv_vsU/edit?gid=1253744388#gid=1253744388"",""Data Pelatihan!D2:E6"")"),"P") -> P | E2: =IFERROR(__xludf.DUMMYFUNCTION("""COMPUTED_VALUE"""),1218.0) -> 1218 | G2: =IFERROR(__xludf.DUMMYFUNCTION("importrange(""https://docs.google.com/spreadsheets/d/1d5jZRF54iX3SxYB3XXzNSD7tMPduQMIhRz21oSv_vsU/edit?gid=1253744388#gid=1253744388"",""Data Pelatihan!G2:H25"")"),"") | H2: =IFERROR(__xludf.DUMMYFUNCTION("""COMPUTED_VALUE"""),"") | J2: =IFERROR(__xludf.DUMMYFUNCTION("importrange(""https://docs.google.com/spreadsheets/d/1d5jZRF54iX3SxYB3XXzNSD7tMPduQMIhRz21oSv_vsU/edit?gid=1253744388#gid=1253744388"",""Data Pelatihan!J2:K10"")"),0.0) -> 0 | K2: =IFERROR(__xludf.DUMMYFUNCTION("""COMPUTED_VALUE"""),641.0) -> 641 | M2: =IFERROR(__xludf.DUMMYFUNCTION("importrange(""https://docs.google.com/spreadsheets/d/1d5jZRF54iX3SxYB3XXzNSD7tMPduQMIhRz21oSv_vsU/edit?gid=1253744388#gid=1253744388"",""Data Pelatihan!M2:N9"")"),"") | N2: =IFERROR(__xludf.DUMMYFUNCTION("""COMPUTED_VALUE"""),"")
A3: =IFERROR(__xludf.DUMMYFUNCTION("""COMPUTED_VALUE"""),"Tata Kecantikan") -> Tata Kecantikan | B3: =IFERROR(__xludf.DUMMYFUNCTION("""COMPUTED_VALUE"""),307.0) -> 307 | D3: =IFERROR(__xludf.DUMMYFUNCTION("""COMPUTED_VALUE"""),"L") -> L | E3: =IFERROR(__xludf.DUMMYFUNCTION("""COMPUTED_VALUE"""),752.0) -> 752 | G3: =IFERROR(__xludf.DUMMYFUNCTION("""COMPUTED_VALUE"""),"Bekerja") -> Bekerja | H3: =IFERROR(__xludf.DUMMYFUNCTION("""COMPUTED_VALUE"""),56.0) -> 56 | J3: =IFERROR(__xludf.DUMMYFUNCTION("""COMPUTED_VALUE"""),1.0) -> 1 | K3: =IFERROR(__xludf.DUMMYFUNCTION("""COMPUTED_VALUE"""),577.0) -> 577 | N3: =IFERROR(__xludf.DUMMYFUNCTION("""COMPUTED_VALUE"""),"")
A4: =IFERROR(__xludf.DUMMYFUNCTION("""COMPUTED_VALUE"""),"Las") -> Las | B4: =IFERROR(__xludf.DUMMYFUNCTION("""COMPUTED_VALUE"""),117.0) -> 117 | D4: =IFERROR(__xludf.DUMMYFUNCTION("""COMPUTED_VALUE""")," ") | E4: =IFERROR(__xludf.DUMMYFUNCTION("""COMPUTED_VALUE"""),1.0) -> 1 | H4: =IFERROR(__xludf.DUMMYFUNCTION("""COMPUTED_VALUE"""),"") | K4: =IFERROR(__xludf.DUMMYFUNCTION("""COMPUTED_VALUE"""),"") | N4: =IFERROR(__xludf.DUMMYFUNCTION("""COMPUTED_VALUE"""),"")
A5: =IFERROR(__xludf.DUMMYFUNCTION("""COMPUTED_VALUE"""),"Teknologi Informasi Dan Komunikasi") -> Teknologi Informasi Dan Komunikasi | B5: =IFERROR(__xludf.DUMMYFUNCTION("""COMPUTED_VALUE"""),349.0) -> 349 | E5: =IFERROR(__xludf.DUMMYFUNCTION("""COMPUTED_VALUE"""),"") | H5: =IFERROR(__xludf.DUMMYFUNCTION("""COMPUTED_VALUE"""),"") | K5: =IFERROR(__xludf.DUMMYFUNCTION("""COMPUTED_VALUE"""),"") | N5: =IFERROR(__xludf.DUMMYFUNCTION("""COMPUTED_VALUE"""),"")
A6: =IFERROR(__xludf.DUMMYFUNCTION("""COMPUTED_VALUE"""),"Bisnis Dan Manajemen") -> Bisnis Dan Manajemen | B6: =IFERROR(__xludf.DUMMYFUNCTION("""COMPUTED_VALUE"""),294.0) -> 294 | E6: =IFERROR(__xludf.DUMMYFUNCTION("""COMPUTED_VALUE"""),"") | H6: =IFERROR(__xludf.DUMMYFUNCTION("""COMPUTED_VALUE"""),"") | K6: =IFERROR(__xludf.DUMMYFUNCTION("""COMPUTED_VALUE"""),"") | N6: =IFERROR(__xludf.DUMMYFUNCTION("""COMPUTED_VALUE"""),"")
A7: =IFERROR(__xludf.DUMMYFUNCTION("""COMPUTED_VALUE"""),"Listrik") -> Listrik | B7: =IFERROR(__xludf.DUMMYFUNCTION("""COMPUTED_VALUE"""),85.0) -> 85 | H7: =IFERROR(__xludf.DUMMYFUNCTION("""COMPUTED_VALUE"""),"") | K7: =IFERROR(__xludf.DUMMYFUNCTION("""COMPUTED_VALUE"""),"") | N7: =IFERROR(__xludf.DUMMYFUNCTION("""COMPUTED_VALUE"""),"")
A8: =IFERROR(__xludf.DUMMYFUNCTION("""COMPUTED_VALUE"""),"Teknologi Pengolahan Agroindustri") -> Teknologi Pengolahan Agroindustri | B8: =IFERROR(__xludf.DUMMYFUNCTION("""COMPUTED_VALUE"""),266.0) -> 266 | D8: Disabilitas | E8: Jumlah Peserta Pelatihan | H8: =IFERROR(__xludf.DUMMYFUNCTION("""COMPUTED_VALUE"""),"") | K8: =IFERROR(__xludf.DUMMYFUNCTION("""COMPUTED_VALUE"""),"") | N8: =IFERROR(__xludf.DUMMYFUNCTION("""COMPUTED_VALUE"""),"")
A9: =IFERROR(__xludf.DUMMYFUNCTION("""COMPUTED_VALUE"""),"Fashion Technology") -> Fashion Technology | B9: =IFERROR(__xludf.DUMMYFUNCTION("""COMPUTED_VALUE"""),128.0) -> 128 | D9: =IFERROR(__xludf.DUMMYFUNCTION("importrange(""https://docs.google.com/spreadsheets/d/1d5jZRF54iX3SxYB3XXzNSD7tMPduQMIhRz21oSv_vsU/edit?gid=1253744388#gid=1253744388"",""Data Pelatihan!D9:E15"")"),1.0) -> 1 | E9: =IFERROR(__xludf.DUMMYFUNCTION("""COMPUTED_VALUE"""),1969.0) -> 1969 | H9: =IFERROR(__xludf.DUMMYFUNCTION("""COMPUTED_VALUE"""),"") | K9: =IFERROR(__xludf.DUMMYFUNCTION("""COMPUTED_VALUE"""),"") | N9: =IFERROR(__xludf.DUMMYFUNCTION("""COMPUTED_VALUE"""),"")
A10: =IFERROR(__xludf.DUMMYFUNCTION("""COMPUTED_VALUE"""),"Konstruksi") -> Konstruksi | B10: =IFERROR(__xludf.DUMMYFUNCTION("""COMPUTED_VALUE"""),12.0) -> 12 | E10: =IFERROR(__xludf.DUMMYFUNCTION("""COMPUTED_VALUE"""),"") | H10: =IFERROR(__xludf.DUMMYFUNCTION("""COMPUTED_VALUE"""),"") | K10: =IFERROR(__xludf.DUMMYFUNCTION("""COMPUTED_VALUE"""),"")
A11: =IFERROR(__xludf.DUMMYFUNCTION("""COMPUTED_VALUE"""),"Processing") -> Processing | B11: =IFERROR(__xludf.DUMMYFUNCTION("""COMPUTED_VALUE"""),16.0) -> 16 | E11: =IFERROR(__xludf.DUMMYFUNCTION("""COMPUTED_VALUE"""),"") | H11: =IFERROR(__xludf.DUMMYFUNCTION("""COMPUTED_VALUE"""),"")
A12: =IFERROR(__xludf.DUMMYFUNCTION("""COMPUTED_VALUE"""),"Pariwisata") -> Pariwisata | B12: =IFERROR(__xludf.DUMMYFUNCTION("""COMPUTED_VALUE"""),142.0) -> 142 | E12: =IFERROR(__xludf.DUMMYFUNCTION("""COMPUTED_VALUE"""),"") | H12: =IFERROR(__xludf.DUMMYFUNCTION("""COMPUTED_VALUE"""),"")
A13: =IFERROR(__xludf.DUMMYFUNCTION("""COMPUTED_VALUE"""),"Pertanian") -> Pertanian | B13: =IFERROR(__xludf.DUMMYFUNCTION("""COMPUTED_VALUE"""),32.0) -> 32 | H13: =IFERROR(__xludf.DUMMYFUNCTION("""COMPUTED_VALUE"""),"")
A14: =IFERROR(__xludf.DUMMYFUNCTION("""COMPUTED_VALUE"""),"Elektronika") -> Elektronika | B14: =IFERROR(__xludf.DUMMYFUNCTION("""COMPUTED_VALUE"""),16.0) -> 16 | H14: =IFERROR(__xludf.DUMMYFUNCTION("""COMPUTED_VALUE"""),"")
A15: =IFERROR(__xludf.DUMMYFUNCTION("""COMPUTED_VALUE"""),"") | B15: =IFERROR(__xludf.DUMMYFUNCTION("""COMPUTED_VALUE"""),"") | H15: =IFERROR(__xludf.DUMMYFUNCTION("""COMPUTED_VALUE"""),"")
B16: =IFERROR(__xludf.DUMMYFUNCTION("""COMPUTED_VALUE"""),"") | H16: =IFERROR(__xludf.DUMMYFUNCTION("""COMPUTED_VALUE"""),"")
B17: =IFERROR(__xludf.DUMMYFUNCTION("""COMPUTED_VALUE"""),"") | H17: =IFERROR(__xludf.DUMMYFUNCTION("""COMPUTED_VALUE"""),"")
B18: =IFERROR(__xludf.DUMMYFUNCTION("""COMPUTED_VALUE"""),"") | H18: =IFERROR(__xludf.DUMMYFUNCTION("""COMPUTED_VALUE"""),"")
B19: =IFERROR(__xludf.DUMMYFUNCTION("""COMPUTED_VALUE"""),"") | H19: =IFERROR(__xludf.DUMMYFUNCTION("""COMPUTED_VALUE"""),"")
B20: =IFERROR(__xludf.DUMMYFUNCTION("""COMPUTED_VALUE"""),"") | H20: =IFERROR(__xludf.DUMMYFUNCTION("""COMPUTED_VALUE"""),"")
H21: =IFERROR(__xludf.DUMMYFUNCTION("""COMPUTED_VALUE"""),"")
H22: =IFERROR(__xludf.DUMMYFUNCTION("""COMPUTED_VALUE"""),"")
H23: =IFERROR(__xludf.DUMMYFUNCTION("""COMPUTED_VALUE"""),"")
H24: =IFERROR(__xludf.DUMMYFUNCTION("""COMPUTED_VALUE"""),"")
H25: =IFERROR(__xludf.DUMMYFUNCTION("""COMPUTED_VALUE"""),"")

Sheet RingkasanPelatihan
A1: JUMLAH PESERTA PELATIHAN | D1: Jumlah Peserta Berdasarkan Kejuruan | G1: Jumlah Peserta Berdasarkan Program | N1: data peserta per bulan (line chart) | Q1: table klasifikasi usia (batang CHART) | T1: tabel berdaarkan kabupaten
A2: Peserta | B2: Total | D2: Kejuruan | E2: Jumlah Peserta | G2: Program | H2: Tanggal Mulai Pelatihan | I2: Tanggal Selesai Pelatihan | J2: Laki-laki | K2: Perempuan | N2: Bulan | O2: Jml Peserta | Q2: Usia | R2: Jml Peserta | T2: Nama Kabupaten | U2: Jumlah Peserta
A3: Laki-Laki | B3: {=_xlfn.XLOOKUP("L",Pelatihan2!D2:D6,Pelatihan2!E2:E6)} -> 752 | D3: {=UNIQUE(Pelatihan2!A2:A25)} -> Otomotif | E3: {=if(D3:D25="","",_xlfn.xlookup(D3:D25,Pelatihan2!$A$2:$A$25,Pelatihan2!$B$2:$B$25))} -> 207 | G3: {=IF(LEN(PelatihanData!C2:C1000), (PelatihanData!C2:C1000), "")} -> Pemasangan Sistim Integrasi Bangunan Cerdas 1 | H3: {=IF(ISBLANK(PelatihanData!E2:E1001), "", TEXT(PelatihanData!E2:E1001, "yyyy-mm-dd"))} -> 2026-06-22 | I3: {=IF(ISBLANK(PelatihanData!F2:F1001), "", TEXT(PelatihanData!F2:F1001, "yyyy-mm-dd"))} -> 2026-07-29 | J3: {=IF(ISBLANK(PelatihanData!L2:L1001), "", PelatihanData!L2:L1001)} -> 7 | K3: {=IF(ISBLANK(PelatihanData!K2:K1001), "", PelatihanData!K2:K1001)} -> 1 | N3: Januari | O3: {=IF(ISBLANK(N3:N50500), "", SUMIF(PelatihanData!$G$2:$G50500, N3:N50500, PelatihanData!$J$2:$J50500) )} -> 0 | Q3: 17-24 tahun | R3: {=if(Q3:Q50500="","",_xlfn.xlookup(Q3:Q50500,Pelatihan2!$M$2:$M$10,Pelatihan2!$N$2:$N$10))} -> #N/A | T3: {=Table15[]}
A4: Perempuan | B4: {=_xlfn.XLOOKUP("P",Pelatihan2!D2:D6,Pelatihan2!E2:E6)} -> 1218 | D4: Tata Kecantikan | E4: 307 | G4: Pemasangan Sistim Integrasi Bangunan Cerdas 2 | N4: Februari | O4: 0 | Q4: 25-28 tahun | R4: #N/A | T4: Bekerja | U4: 56
D5: Las | E5: 117 | G5: Pemasangan Sistim Integrasi Bangunan Cerdas 3 | N5: Maret | O5: 0 | Q5: 29-34 tahun | R5: #N/A
A6: Sarjana | B6: {=_xlfn.xlookup(A6,Pelatihan2!$J$2:$J$10,Pelatihan2!$K$2:$K$10)} -> #N/A | D6: Teknologi Informasi Dan Komunikasi | E6: 349 | G6: Pemasangan Sistim Integrasi Bangunan Cerdas 4 | N6: April | O6: 98 | Q6: 35-40 tahun | R6: #N/A
A7: Diploma | B7: {=_xlfn.xlookup(A7,Pelatihan2!$J$2:$J$10,Pelatihan2!$K$2:$K$10)} -> #N/A | D7: Bisnis Dan Manajemen | E7: 294 | G7: Pemasangan Sistim Integrasi Bangunan Cerdas 5 | N7: Mei | O7: 0 | Q7: Di atas 41 tahun | R7: #N/A
A8: SMA/ SMK | B8: {=_xlfn.xlookup("SMA",Pelatihan2!$J$2:$J$10,Pelatihan2!$K$2:$K$10)} -> #N/A | D8: Listrik | E8: 85 | G8: Smart Farming 1 | N8: Juni | O8: 291
A9: SMP | B9: {=_xlfn.xlookup(A9,Pelatihan2!$J$2:$J$10,Pelatihan2!$K$2:$K$10)} -> #N/A | D9: Teknologi Pengolahan Agroindustri | E9: 266 | G9: Smart Farming 2 | N9: Juli | O9: 192
A10: SD | B10: {=_xlfn.xlookup(A10,Pelatihan2!$J$2:$J$10,Pelatihan2!$K$2:$K$10)} -> #N/A | D10: Fashion Technology | E10: 128 | G10: Smart Farming 3 | N10: Agustus | O10: 0
A11: Disabilitas | B11: {=_xlfn.xlookup(A11,Pelatihan2!D9:D10,Pelatihan2!E9:E10)} -> #N/A | D11: Konstruksi | E11: 12 | G11: Smart Farming 4 | N11: September | O11: 0
A12: Total | B12: =SUM(B3:B4) -> 1970 | D12: Processing | E12: 16 | G12: Digital Office Administration Berbasis Google Workspace 1 | H12: 2026-04-01 | I12: 2026-05-12 | J12: 2 | K12: 10 | N12: Oktober | O12: 0
D13: Pariwisata | E13: 142 | G13: Digital Office Administration Berbasis Google Workspace 2 | H13: 2026-06-22 | I13: 2026-07-29 | J13: 3 | K13: 13 | N13: November | O13: 0
A14: Jumlah Peserta Lulus dan Tidak Lulus | D14: Pertanian | E14: 32 | G14: Digital Office Administration Berbasis Google Workspace 3 | H14: 2026-06-22 | I14: 2026-07-29 | J14: 5 | K14: 11 | N14: Desember | O14: 0
A15: Status Kelulusan | B15: Total Peserta | D15: Elektronika | E15: 16 | G15: Digital Office Administration Berbasis Google Workspace 4
A16: Lulus | B16: =sum(PelatihanData!H2:H50500) -> 428 | G16: Digital Office Administration Berbasis Google Workspace 5
A17: Tudak Lulus | B17: =sum(PelatihanData!I2:I50500) -> 32 | G17: Digital Office Administration Berbasis Google Workspace 6
G18: Optimalisasi Pemasaran Melalui Media Sosial
G19: Pengoperasian Tools Generative AI untuk Konten Digital dan Bisnis | H19: 2026-06-22 | I19: 2026-07-29 | J19: 5 | K19: 8
A20: Jumlah Semua Peserta (DIHOME) | B20: =B3+B4+RingkasanPelatihanUPTD!I3+RingkasanPelatihanUPTD!I4 -> 1970 | G20: Pengembangan Web dengan Node JS dan React
G21: Pembuatan Konten Visual untuk Sosial Media 1 | H21: 2026-06-22 | I21: 2026-07-29 | J21: 7 | K21: 6
G22: Pembuatan Konten Visual untuk Sosial Media 2
G23: Pemeliharaan Kendaraan Ringan Sistem Injeksi 1 | H23: 2026-06-22 | I23: 2026-08-07 | J23: 16
G24: Servis Sepeda Motor Sistem Injeksi 1 | H24: 2026-06-22 | I24: 2026-08-07 | J24: 16
G25: Operator Truck Excavator 1 | H25: 2026-04-01 | I25: 2026-05-25 | J25: 13 | K25: 3
G26: Operator Truck Excavator 2
G27: Teknisi Telepon Seluler Perangkat Keras 1 | H27: 2026-06-22 | I27: 2026-08-05 | J27: 16
G28: Perakitan Komponen Fabrikasi 1 | H28: 2026-04-01 | I28: 2026-05-05 | J28: 7 | K28: 0
G29: Perakitan Komponen Fabrikasi 2 | H29: 2026-06-22 | I29: 2026-07-22 | J29: 16
G30: Perakitan Komponen Fabrikasi 3 | H30: 2026-06-22 | I30: 2026-07-22 | J30: 16
G31: Juru Gambar Pekerjaan Jalan dan Jembatan 1 | H31: 2026-06-22 | I31: 2026-08-05 | J31: 7 | K31: 2
G32: Juru Ukur (Surveyor) Kualifikasi 3 1
G33: Juru Ukur (Surveyor) Kualifikasi 3 2
G34: Juru Ukur (Surveyor) Kualifikasi 3 3
G35: Konstruksi (Estimator Biaya Jalan)
G36: Merias Wajah 1 | H36: 2026-04-01 | I36: 2026-04-29 | J36: 0 | K36: 10
G37: Merias Wajah 2 | H37: 2026-04-01 | I37: 2026-04-29 | J37: 0 | K37: 16
G38: Merias Wajah 3 | H38: 2026-06-22 | I38: 2026-07-17 | K38: 16
G39: Merias Wajah 4 | H39: 2026-06-22 | I39: 2026-07-17 | K39: 16
G40: Asisten Pembuat Pakaian 1 | H40: 2026-06-22 | I40: 2026-07-22 | K40: 16
G41: Asisten Pembuat Pakaian 2 | K41: 16
G42: Asisten Pembuat Pakaian 3
G43: Menjahit Pakaian Wanita Dewasa 1
G44: Menjahit Pakaian Wanita Dewasa 2
G45: Menjahit Pakaian Wanita Dewasa 3
G46: Peracikan Minuman Kopi 1 | H46: 2026-06-22 | I46: 2026-07-22 | J46: 9 | K46: 4
G47: Barista 2
G48: Menyiapkan Produk Roti/Bakery 1 | H48: 2026-06-22 | I48: 2026-07-15 | J48: 4 | K48: 12
G49: Menyiapkan Produk Roti/Bakery 2
G50: Pembuatan Roti dan Kue 1 | H50: 2026-06-22 | I50: 2026-07-15 | J50: 4 | K50: 12
G51: Pembuatan Roti dan Kue 2
G52: Junior Mobile Programmer 1
G53: Junior Mobile Programmer 2
G54: Computer Operator Assistant 1 | H54: 2026-04-01 | I54: 2026-05-21 | J54: 6 | K54: 6
G55: Computer Operator Assistant 2 | H55: 2026-04-01 | I55: 2026-05-21 | J55: 2 | K55: 9
G56: Computer Operator Assistant 3 | H56: 2026-04-01 | I56: 2026-05-21 | J56: 0 | K56: 14
G57: Computer Operator Assistant 4
G58: Menjadi Perancang UI/UX yang Kompeten di Industri | H58: 2026-06-22 | I58: 2026-06-26 | J58: 9 | K58: 2
G59: Menjahit Blouse Wanita | H59: 2026-06-29 | I59: 2026-07-09 | J59: 1 | K59: 15
G60: Daily Makeup 1 | H60: 2026-06-29 | I60: 2026-07-09 | J60: 0 | K60: 16
G61: Pembuatan Cocopeat 1 | H61: 2026-07-14 | I61: 0206-07-17 | J61: 16 | K61: 0
G62: Pembuatan Cocopeat 2 | H62: 2026-07-18 | I62: 2026-07-22 | J62: 6 | K62: 10
G63: Pengolahan Roti dan Kue | H63: 2026-07-14 | I63: 2026-07-22 | J63: 0 | K63: 16
G64: Daily Makeup 2 | H64: 2026-07-14 | I64: 2026-07-22 | J64: 0 | K64: 16
G65: Daily Makeup 3 | H65: 2026-07-14 | I65: 2026-07-17 | J65: 0 | K65: 16
G66: Daily Makeup 4 | H66: 2026-07-23 | I66: 2026-07-27 | J66: 0 | K66: 16
G67: Produksi Roti dan Kue | H67: 2026-07-14 | I67: 2026-07-17 | J67: 0 | K67: 16
G68: Produksi Roti dan Kue | H68: 2026-07-18 | I68: 2026-07-22 | J68: 0 | K68: 16
G69: Teknik Dasar dan Lanjutan Menjahit Busana Wanita Deawasa | H69: 2026-07-13 | I69: 2026-07-16 | J69: 0 | K69: 16
G70: Teknik Dasar dan Lanjutan Menjahit Busana Wanita Deawasa | H70: 2026-07-17 | I70: 2026-07-21
G71: Daily Makeup 5 | H71: 2026-07-13 | I71: 2026-07-16 | J71: 0 | K71: 16
G72: Daily Makeup | H72: 2026-07-17 | I72: 2026-07-21 | J72: 0 | K72: 16
G73: Pembuatan Berbagai Jenis Roti Manis | H73: 2026-07-13 | I73: 2026-07-16 | J73: 1 | K73: 15
G74: Pembuatan Berbagai Jenis Roti Manis | H74: 2026-07-20 | I74: 2026-07-23
G75: Barista | H75: 2026-07-13 | I75: 2026-07-16
G76: Barista | H76: 2026-07-17 | I76: 2026-07-21
G77: Houseskeeping | H77: 2026-07-24 | I77: 2026-07-28
G78: Barista | H78: 2026-07-24 | I78: 2026-08-01
G79: Produksi Roti dan Kue | H79: 2026-07-24 | I79: 2026-07-28
G80: Daily Makeup | H80: 2026-07-24 | I80: 2026-07-28
G81: Daily Makeup | H81: 2026-07-29 | I81: 2026-08-01
G82: Front Office | H82: 2026-07-24 | I82: 2026-07-28

Sheet PelatihanUPTD
A1: =IFERROR(__xludf.DUMMYFUNCTION("QUERY({ {IMPORTRANGE(""https://docs.google.com/spreadsheets/d/1sd5SCH_VG67J2N7wSB4IC6VLcHkLjVGo6yJYuv7-4xA/edit"", ""Sheet1!A1:Q1"") , ""Daerah""}; {IMPORTRANGE(""https://docs.google.com/spreadsheets/d/1sd5SCH_VG67J2N7wSB4IC6VLcHkLjVGo6yJYuv7-4xA/edit"&""", ""Sheet1!A2:Q"") , ARRAYFORMULA(IF(LEN(IMPORTRANGE(""https://docs.google.com/spreadsheets/d/1sd5SCH_VG67J2N7wSB4IC6VLcHkLjVGo6yJYuv7-4xA/edit"", ""Sheet1!A2:A"")), ""Kolaka"", """"))}; {IMPORTRANGE(""https://docs.google.com/spreadsheets/d/1BFAaaNhcK"&"Qpx44EyFvgho96y-idiI9drBXsc9k3IHBc/edit?gid=0#gid=0"", ""Sheet1!A2:Q"") , ARRAYFORMULA(IF(LEN(IMPORTRANGE(""https://docs.google.com/spreadsheets/d/1BFAaaNhcKQpx44EyFvgho96y-idiI9drBXsc9k3IHBc/edit?gid=0#gid=0"", ""Sheet1!A2:A"")), ""Kolaka Utara"", """"))"&"}; {IMPORTRANGE(""https://docs.google.com/spreadsheets/d/1AEcJ2aPbOAhLzeebFmUyeb8lkDwvzAVWOS1_e-83UJg/edit?gid=0#gid=0"", ""Sheet1!A2:Q"") , ARRAYFORMULA(IF(LEN(IMPORTRANGE(""https://docs.google.com/spreadsheets/d/1AEcJ2aPbOAhLzeebFmUyeb8lkDwvzAVWOS1_e-"&"83UJg/edit?gid=0#gid=0"", ""Sheet1!A2:A"")), ""Konawe Selatan"", """"))}; {IMPORTRANGE(""https://docs.google.com/spreadsheets/d/1dl9sgrfqat4UnqbaGDiCZPH9HQhFFcUyDIVQxUBroEU/edit?gid=0#gid=0"", ""Sheet1!A2:Q"") , ARRAYFORMULA(IF(LEN(IMPORTRANGE(""https:/"&"/docs.google.com/spreadsheets/d/1dl9sgrfqat4UnqbaGDiCZPH9HQhFFcUyDIVQxUBroEU/edit?gid=0#gid=0"", ""Sheet1!A2:A"")), ""Konawe Utara"", """"))}; {IMPORTRANGE(""https://docs.google.com/spreadsheets/d/130XdVJPPKI4G-5CbKM02M4arXT51kMYPokkkngjU9fI/edit?gid=0#"&"gid=0"", ""Sheet1!A2:Q"") , ARRAYFORMULA(IF(LEN(IMPORTRANGE(""https://docs.google.com/spreadsheets/d/130XdVJPPKI4G-5CbKM02M4arXT51kMYPokkkngjU9fI/edit?gid=0#gid=0"", ""Sheet1!A2:A"")), ""Buton"", """"))} }, ""SELECT * WHERE Col2 IS NOT NULL AND Col2 <> ''"&""")"),"NO") -> NO | B1: =IFERROR(__xludf.DUMMYFUNCTION("""COMPUTED_VALUE"""),"KEJURUAN") -> KEJURUAN | C1: =IFERROR(__xludf.DUMMYFUNCTION("""COMPUTED_VALUE"""),"PROGRAM PELATIHAN") -> PROGRAM PELATIHAN | D1: =IFERROR(__xludf.DUMMYFUNCTION("""COMPUTED_VALUE"""),"JUMLAH PESERTA PELATIHAN") -> JUMLAH PESERTA PELATIHAN | E1: =IFERROR(__xludf.DUMMYFUNCTION("""COMPUTED_VALUE"""),"PEREMPUAN") -> PEREMPUAN | F1: =IFERROR(__xludf.DUMMYFUNCTION("""COMPUTED_VALUE"""),"LAKI-LAKI") -> LAKI-LAKI | G1: =IFERROR(__xludf.DUMMYFUNCTION("""COMPUTED_VALUE"""),"S1/D4") -> S1/D4 | H1: =IFERROR(__xludf.DUMMYFUNCTION("""COMPUTED_VALUE"""),"D3") -> D3 | I1: =IFERROR(__xludf.DUMMYFUNCTION("""COMPUTED_VALUE"""),"SMA / SMK") -> SMA / SMK | J1: =IFERROR(__xludf.DUMMYFUNCTION("""COMPUTED_VALUE"""),"SMP") -> SMP | K1: =IFERROR(__xludf.DUMMYFUNCTION("""COMPUTED_VALUE"""),"SD") -> SD | L1: =IFERROR(__xludf.DUMMYFUNCTION("""COMPUTED_VALUE"""),"DISABILITAS") -> DISABILITAS | M1: =IFERROR(__xludf.DUMMYFUNCTION("""COMPUTED_VALUE"""),"U 17-24") -> U 17-24 | N1: =IFERROR(__xludf.DUMMYFUNCTION("""COMPUTED_VALUE""")," U 25-28") -> U 25-28 | O1: =IFERROR(__xludf.DUMMYFUNCTION("""COMPUTED_VALUE"""),"U 29-34") -> U 29-34 | P1: =IFERROR(__xludf.DUMMYFUNCTION("""COMPUTED_VALUE"""),"U 35-40") -> U 35-40 | Q1: =IFERROR(__xludf.DUMMYFUNCTION("""COMPUTED_VALUE"""),"U 41-dst") -> U 41-dst | R1: =IFERROR(__xludf.DUMMYFUNCTION("""COMPUTED_VALUE"""),"Daerah") -> Daerah
A2: =IFERROR(__xludf.DUMMYFUNCTION("""COMPUTED_VALUE"""),1.0) -> 1 | B2: =IFERROR(__xludf.DUMMYFUNCTION("""COMPUTED_VALUE"""),"TIK") -> TIK | C2: =IFERROR(__xludf.DUMMYFUNCTION("""COMPUTED_VALUE"""),"Computer Operator Assistant") -> Computer Operator Assistant | R2: =IFERROR(__xludf.DUMMYFUNCTION("""COMPUTED_VALUE"""),"Kolaka") -> Kolaka
A3: =IFERROR(__xludf.DUMMYFUNCTION("""COMPUTED_VALUE"""),2.0) -> 2 | B3: =IFERROR(__xludf.DUMMYFUNCTION("""COMPUTED_VALUE"""),"Fashion Technology") -> Fashion Technology | C3: =IFERROR(__xludf.DUMMYFUNCTION("""COMPUTED_VALUE"""),"Menjahit Pakaian Wanita Dewasa") -> Menjahit Pakaian Wanita Dewasa | R3: =IFERROR(__xludf.DUMMYFUNCTION("""COMPUTED_VALUE"""),"Kolaka") -> Kolaka
A4: =IFERROR(__xludf.DUMMYFUNCTION("""COMPUTED_VALUE"""),3.0) -> 3 | B4: =IFERROR(__xludf.DUMMYFUNCTION("""COMPUTED_VALUE"""),"TIK") -> TIK | C4: =IFERROR(__xludf.DUMMYFUNCTION("""COMPUTED_VALUE"""),"Pengelola Administrasi Perkantoran") -> Pengelola Administrasi Perkantoran | R4: =IFERROR(__xludf.DUMMYFUNCTION("""COMPUTED_VALUE"""),"Kolaka") -> Kolaka
A5: =IFERROR(__xludf.DUMMYFUNCTION("""COMPUTED_VALUE"""),4.0) -> 4 | B5: =IFERROR(__xludf.DUMMYFUNCTION("""COMPUTED_VALUE"""),"Bangunan") -> Bangunan | C5: =IFERROR(__xludf.DUMMYFUNCTION("""COMPUTED_VALUE"""),"Juru Ukur (Surveyor) Kualifikasi 3") -> Juru Ukur (Surveyor) Kualifikasi 3 | R5: =IFERROR(__xludf.DUMMYFUNCTION("""COMPUTED_VALUE"""),"Kolaka") -> Kolaka
A6: =IFERROR(__xludf.DUMMYFUNCTION("""COMPUTED_VALUE"""),5.0) -> 5 | B6: =IFERROR(__xludf.DUMMYFUNCTION("""COMPUTED_VALUE"""),"Las") -> Las | C6: =IFERROR(__xludf.DUMMYFUNCTION("""COMPUTED_VALUE"""),"Fabrikasi 1") -> Fabrikasi 1 | R6: =IFERROR(__xludf.DUMMYFUNCTION("""COMPUTED_VALUE"""),"Kolaka") -> Kolaka
A7: =IFERROR(__xludf.DUMMYFUNCTION("""COMPUTED_VALUE"""),6.0) -> 6 | B7: =IFERROR(__xludf.DUMMYFUNCTION("""COMPUTED_VALUE"""),"Las") -> Las | C7: =IFERROR(__xludf.DUMMYFUNCTION("""COMPUTED_VALUE"""),"Fabrikasi 2") -> Fabrikasi 2 | R7: =IFERROR(__xludf.DUMMYFUNCTION("""COMPUTED_VALUE"""),"Kolaka") -> Kolaka
A8: =IFERROR(__xludf.DUMMYFUNCTION("""COMPUTED_VALUE"""),7.0) -> 7 | B8: =IFERROR(__xludf.DUMMYFUNCTION("""COMPUTED_VALUE"""),"Teknologi Pengolahan Pertanian") -> Teknologi Pengolahan Pertanian | C8: =IFERROR(__xludf.DUMMYFUNCTION("""COMPUTED_VALUE"""),"Pembuatan Roti dan Kue 1") -> Pembuatan Roti dan Kue 1 | R8: =IFERROR(__xludf.DUMMYFUNCTION("""COMPUTED_VALUE"""),"Kolaka") -> Kolaka
A9: =IFERROR(__xludf.DUMMYFUNCTION("""COMPUTED_VALUE"""),8.0) -> 8 | B9: =IFERROR(__xludf.DUMMYFUNCTION("""COMPUTED_VALUE"""),"Teknologi Pengolahan Pertanian") -> Teknologi Pengolahan Pertanian | C9: =IFERROR(__xludf.DUMMYFUNCTION("""COMPUTED_VALUE"""),"Pembuatan Roti dan Kue 2") -> Pembuatan Roti dan Kue 2 | R9: =IFERROR(__xludf.DUMMYFUNCTION("""COMPUTED_VALUE"""),"Kolaka") -> Kolaka
A10: =IFERROR(__xludf.DUMMYFUNCTION("""COMPUTED_VALUE"""),1.0) -> 1 | B10: =IFERROR(__xludf.DUMMYFUNCTION("""COMPUTED_VALUE"""),"TIK") -> TIK | C10: =IFERROR(__xludf.DUMMYFUNCTION("""COMPUTED_VALUE"""),"Computer Operator Assitant") -> Computer Operator Assitant | R10: =IFERROR(__xludf.DUMMYFUNCTION("""COMPUTED_VALUE"""),"Kolaka Utara") -> Kolaka Utara
A11: =IFERROR(__xludf.DUMMYFUNCTION("""COMPUTED_VALUE"""),2.0) -> 2 | B11: =IFERROR(__xludf.DUMMYFUNCTION("""COMPUTED_VALUE"""),"Fashion Technology") -> Fashion Technology | C11: =IFERROR(__xludf.DUMMYFUNCTION("""COMPUTED_VALUE"""),"Menjahit Pakaian Wanita Dewasa") -> Menjahit Pakaian Wanita Dewasa | R11: =IFERROR(__xludf.DUMMYFUNCTION("""COMPUTED_VALUE"""),"Kolaka Utara") -> Kolaka Utara
A12: =IFERROR(__xludf.DUMMYFUNCTION("""COMPUTED_VALUE"""),3.0) -> 3 | B12: =IFERROR(__xludf.DUMMYFUNCTION("""COMPUTED_VALUE"""),"Las") -> Las | C12: =IFERROR(__xludf.DUMMYFUNCTION("""COMPUTED_VALUE"""),"Fabrikasi 1") -> Fabrikasi 1 | R12: =IFERROR(__xludf.DUMMYFUNCTION("""COMPUTED_VALUE"""),"Kolaka Utara") -> Kolaka Utara
A13: =IFERROR(__xludf.DUMMYFUNCTION("""COMPUTED_VALUE"""),4.0) -> 4 | B13: =IFERROR(__xludf.DUMMYFUNCTION("""COMPUTED_VALUE"""),"Las") -> Las | C13: =IFERROR(__xludf.DUMMYFUNCTION("""COMPUTED_VALUE"""),"Fabrikasi 2") -> Fabrikasi 2 | R13: =IFERROR(__xludf.DUMMYFUNCTION("""COMPUTED_VALUE"""),"Kolaka Utara") -> Kolaka Utara
A14: =IFERROR(__xludf.DUMMYFUNCTION("""COMPUTED_VALUE"""),1.0) -> 1 | B14: =IFERROR(__xludf.DUMMYFUNCTION("""COMPUTED_VALUE"""),"TIK") -> TIK | C14: =IFERROR(__xludf.DUMMYFUNCTION("""COMPUTED_VALUE"""),"Computer Operator Assistant") -> Computer Operator Assistant | R14: =IFERROR(__xludf.DUMMYFUNCTION("""COMPUTED_VALUE"""),"Konawe Selatan") -> Konawe Selatan
A15: =IFERROR(__xludf.DUMMYFUNCTION("""COMPUTED_VALUE"""),2.0) -> 2 | B15: =IFERROR(__xludf.DUMMYFUNCTION("""COMPUTED_VALUE"""),"Fashion Technology") -> Fashion Technology | C15: =IFERROR(__xludf.DUMMYFUNCTION("""COMPUTED_VALUE"""),"Menjahit Pakaian Wanita Dewasa") -> Menjahit Pakaian Wanita Dewasa | R15: =IFERROR(__xludf.DUMMYFUNCTION("""COMPUTED_VALUE"""),"Konawe Selatan") -> Konawe Selatan
A16: =IFERROR(__xludf.DUMMYFUNCTION("""COMPUTED_VALUE"""),3.0) -> 3 | B16: =IFERROR(__xludf.DUMMYFUNCTION("""COMPUTED_VALUE"""),"Las") -> Las | C16: =IFERROR(__xludf.DUMMYFUNCTION("""COMPUTED_VALUE"""),"Fabrikasi 1") -> Fabrikasi 1 | R16: =IFERROR(__xludf.DUMMYFUNCTION("""COMPUTED_VALUE"""),"Konawe Selatan") -> Konawe Selatan
A17: =IFERROR(__xludf.DUMMYFUNCTION("""COMPUTED_VALUE"""),4.0) -> 4 | B17: =IFERROR(__xludf.DUMMYFUNCTION("""COMPUTED_VALUE"""),"Las") -> Las | C17: =IFERROR(__xludf.DUMMYFUNCTION("""COMPUTED_VALUE"""),"Fabrikasi 2") -> Fabrikasi 2 | R17: =IFERROR(__xludf.DUMMYFUNCTION("""COMPUTED_VALUE"""),"Konawe Selatan") -> Konawe Selatan
A18: =IFERROR(__xludf.DUMMYFUNCTION("""COMPUTED_VALUE"""),5.0) -> 5 | B18: =IFERROR(__xludf.DUMMYFUNCTION("""COMPUTED_VALUE"""),"Teknologi Pengolahan Pertanian") -> Teknologi Pengolahan Pertanian | C18: =IFERROR(__xludf.DUMMYFUNCTION("""COMPUTED_VALUE"""),"Pembuatan Roti dan Kue") -> Pembuatan Roti dan Kue | R18: =IFERROR(__xludf.DUMMYFUNCTION("""COMPUTED_VALUE"""),"Konawe Selatan") -> Konawe Selatan
A19: =IFERROR(__xludf.DUMMYFUNCTION("""COMPUTED_VALUE"""),1.0) -> 1 | B19: =IFERROR(__xludf.DUMMYFUNCTION("""COMPUTED_VALUE"""),"Fashion Technology") -> Fashion Technology | C19: =IFERROR(__xludf.DUMMYFUNCTION("""COMPUTED_VALUE"""),"Menjahit Pakaian Wanita Dewasa") -> Menjahit Pakaian Wanita Dewasa | R19: =IFERROR(__xludf.DUMMYFUNCTION("""COMPUTED_VALUE"""),"Konawe Utara") -> Konawe Utara
A20: =IFERROR(__xludf.DUMMYFUNCTION("""COMPUTED_VALUE"""),2.0) -> 2 | B20: =IFERROR(__xludf.DUMMYFUNCTION("""COMPUTED_VALUE"""),"Las") -> Las | C20: =IFERROR(__xludf.DUMMYFUNCTION("""COMPUTED_VALUE"""),"Fabrikasi") -> Fabrikasi | R20: =IFERROR(__xludf.DUMMYFUNCTION("""COMPUTED_VALUE"""),"Konawe Utara") -> Konawe Utara

Sheet RingkasanPelatihanUPTD
A1: Jumlah Peserta Berdasarkan UPTD | D1: Jumlah Peserta Berdasarkan Kejuruan | H1: JUMLAH PESERTA PELATIHAN | K1: Jumlah Peserta Berdasarkan Pendidikan
A2: UPTD | B2: Jumlah Peserta | D2: =IFERROR(__xludf.DUMMYFUNCTION("QUERY(PelatihanUPTD!A:R, ""SELECT Col2, Col18, SUM(Col4) WHERE Col2 IS NOT NULL GROUP BY Col2, Col18 LABEL Col2 'KEJURUAN', Col18 'DAERAH', SUM(Col4) 'TOTAL PESERTA'"")"),"#VALUE!") -> #VALUE! | H2: Peserta | I2: Total | K2: =IFERROR(__xludf.DUMMYFUNCTION("QUERY(ARRAYFORMULA({PelatihanUPTD!R:R , IF(ISNUMBER(PelatihanUPTD!G:K), PelatihanUPTD!G:K, 0)}), ""SELECT Col1, SUM(Col2), SUM(Col3), SUM(Col4), SUM(Col5), SUM(Col6) WHERE Col1 IS NOT NULL GROUP BY Col1 LABEL Col1 'DAERAH', SUM(Col2) 'Sarjana', "&"SUM(Col3) 'Diploma', SUM(Col4) 'SMA / SMK', SUM(Col5) 'SMP', SUM(Col6) 'SD'"", 1)"),"DAERAH") -> DAERAH | L2: =IFERROR(__xludf.DUMMYFUNCTION("""COMPUTED_VALUE"""),"Sarjana") -> Sarjana | M2: =IFERROR(__xludf.DUMMYFUNCTION("""COMPUTED_VALUE"""),"Diploma") -> Diploma | N2: =IFERROR(__xludf.DUMMYFUNCTION("""COMPUTED_VALUE"""),"SMA / SMK") -> SMA / SMK | O2: =IFERROR(__xludf.DUMMYFUNCTION("""COMPUTED_VALUE"""),"SMP") -> SMP | P2: =IFERROR(__xludf.DUMMYFUNCTION("""COMPUTED_VALUE"""),"SD") -> SD | S2: =IFERROR(__xludf.DUMMYFUNCTION("QUERY(ARRAYFORMULA({PelatihanUPTD!R:R , IF(ISNUMBER(PelatihanUPTD!M:Q), PelatihanUPTD!M:Q, 0)}), ""SELECT Col1, SUM(Col2), SUM(Col3), SUM(Col4), SUM(Col5), SUM(Col6) WHERE Col1 IS NOT NULL GROUP BY Col1 LABEL Col1 'DAERAH', SUM(Col2) '17-24', S"&"UM(Col3) '25-28', SUM(Col4) '29-34', SUM(Col5) '35-40', SUM(Col6) '41 keatas'"", 1)"),"DAERAH") -> DAERAH | T2: =IFERROR(__xludf.DUMMYFUNCTION("""COMPUTED_VALUE"""),"17-24") -> 17-24 | U2: =IFERROR(__xludf.DUMMYFUNCTION("""COMPUTED_VALUE"""),"25-28") -> 25-28 | V2: =IFERROR(__xludf.DUMMYFUNCTION("""COMPUTED_VALUE"""),"29-34") -> 29-34 | W2: =IFERROR(__xludf.DUMMYFUNCTION("""COMPUTED_VALUE"""),"35-40") -> 35-40 | X2: =IFERROR(__xludf.DUMMYFUNCTION("""COMPUTED_VALUE"""),"41 keatas") -> 41 keatas
A3: BLK Kolaka | B3: =SUMIF(PelatihanUPTD!$R$2:$R1000, SUBSTITUTE(A3, "BLK ", ""), PelatihanUPTD!$D$2:$D1000) -> 0 | H3: Laki-Laki | I3: =sum(PelatihanUPTD!F2:F1000) -> 0 | K3: =IFERROR(__xludf.DUMMYFUNCTION("""COMPUTED_VALUE"""),"Kolaka") -> Kolaka | L3: =IFERROR(__xludf.DUMMYFUNCTION("""COMPUTED_VALUE"""),0.0) -> 0 | M3: =IFERROR(__xludf.DUMMYFUNCTION("""COMPUTED_VALUE"""),0.0) -> 0 | N3: =IFERROR(__xludf.DUMMYFUNCTION("""COMPUTED_VALUE"""),0.0) -> 0 | O3: =IFERROR(__xludf.DUMMYFUNCTION("""COMPUTED_VALUE"""),0.0) -> 0 | P3: =IFERROR(__xludf.DUMMYFUNCTION("""COMPUTED_VALUE"""),0.0) -> 0 | S3: =IFERROR(__xludf.DUMMYFUNCTION("""COMPUTED_VALUE"""),"Kolaka") -> Kolaka | T3: =IFERROR(__xludf.DUMMYFUNCTION("""COMPUTED_VALUE"""),0.0) -> 0 | U3: =IFERROR(__xludf.DUMMYFUNCTION("""COMPUTED_VALUE"""),0.0) -> 0 | V3: =IFERROR(__xludf.DUMMYFUNCTION("""COMPUTED_VALUE"""),0.0) -> 0 | W3: =IFERROR(__xludf.DUMMYFUNCTION("""COMPUTED_VALUE"""),0.0) -> 0 | X3: =IFERROR(__xludf.DUMMYFUNCTION("""COMPUTED_VALUE"""),0.0) -> 0
A4: BLK Kolaka Utara | B4: =SUMIF(PelatihanUPTD!$R$2:$R1000, SUBSTITUTE(A4, "BLK ", ""), PelatihanUPTD!$D$2:$D1000) -> 0 | H4: Perempuan | I4: =sum(PelatihanUPTD!E2:E1000) -> 0 | K4: =IFERROR(__xludf.DUMMYFUNCTION("""COMPUTED_VALUE"""),"Kolaka Utara") -> Kolaka Utara | L4: =IFERROR(__xludf.DUMMYFUNCTION("""COMPUTED_VALUE"""),0.0) -> 0 | M4: =IFERROR(__xludf.DUMMYFUNCTION("""COMPUTED_VALUE"""),0.0) -> 0 | N4: =IFERROR(__xludf.DUMMYFUNCTION("""COMPUTED_VALUE"""),0.0) -> 0 | O4: =IFERROR(__xludf.DUMMYFUNCTION("""COMPUTED_VALUE"""),0.0) -> 0 | P4: =IFERROR(__xludf.DUMMYFUNCTION("""COMPUTED_VALUE"""),0.0) -> 0 | S4: =IFERROR(__xludf.DUMMYFUNCTION("""COMPUTED_VALUE"""),"Kolaka Utara") -> Kolaka Utara | T4: =IFERROR(__xludf.DUMMYFUNCTION("""COMPUTED_VALUE"""),0.0) -> 0 | U4: =IFERROR(__xludf.DUMMYFUNCTION("""COMPUTED_VALUE"""),0.0) -> 0 | V4: =IFERROR(__xludf.DUMMYFUNCTION("""COMPUTED_VALUE"""),0.0) -> 0 | W4: =IFERROR(__xludf.DUMMYFUNCTION("""COMPUTED_VALUE"""),0.0) -> 0 | X4: =IFERROR(__xludf.DUMMYFUNCTION("""COMPUTED_VALUE"""),0.0) -> 0
A5: BLK Konawe Selatan | B5: =SUMIF(PelatihanUPTD!$R$2:$R1000, SUBSTITUTE(A5, "BLK ", ""), PelatihanUPTD!$D$2:$D1000) -> 0 | K5: =IFERROR(__xludf.DUMMYFUNCTION("""COMPUTED_VALUE"""),"Konawe Selatan") -> Konawe Selatan | L5: =IFERROR(__xludf.DUMMYFUNCTION("""COMPUTED_VALUE"""),0.0) -> 0 | M5: =IFERROR(__xludf.DUMMYFUNCTION("""COMPUTED_VALUE"""),0.0) -> 0 | N5: =IFERROR(__xludf.DUMMYFUNCTION("""COMPUTED_VALUE"""),0.0) -> 0 | O5: =IFERROR(__xludf.DUMMYFUNCTION("""COMPUTED_VALUE"""),0.0) -> 0 | P5: =IFERROR(__xludf.DUMMYFUNCTION("""COMPUTED_VALUE"""),0.0) -> 0 | S5: =IFERROR(__xludf.DUMMYFUNCTION("""COMPUTED_VALUE"""),"Konawe Selatan") -> Konawe Selatan | T5: =IFERROR(__xludf.DUMMYFUNCTION("""COMPUTED_VALUE"""),0.0) -> 0 | U5: =IFERROR(__xludf.DUMMYFUNCTION("""COMPUTED_VALUE"""),0.0) -> 0 | V5: =IFERROR(__xludf.DUMMYFUNCTION("""COMPUTED_VALUE"""),0.0) -> 0 | W5: =IFERROR(__xludf.DUMMYFUNCTION("""COMPUTED_VALUE"""),0.0) -> 0 | X5: =IFERROR(__xludf.DUMMYFUNCTION("""COMPUTED_VALUE"""),0.0) -> 0
A6: BLK Konawe Utara | B6: =SUMIF(PelatihanUPTD!$R$2:$R1000, SUBSTITUTE(A6, "BLK ", ""), PelatihanUPTD!$D$2:$D1000) -> 0 | K6: =IFERROR(__xludf.DUMMYFUNCTION("""COMPUTED_VALUE"""),"Konawe Utara") -> Konawe Utara | L6: =IFERROR(__xludf.DUMMYFUNCTION("""COMPUTED_VALUE"""),0.0) -> 0 | M6: =IFERROR(__xludf.DUMMYFUNCTION("""COMPUTED_VALUE"""),0.0) -> 0 | N6: =IFERROR(__xludf.DUMMYFUNCTION("""COMPUTED_VALUE"""),0.0) -> 0 | O6: =IFERROR(__xludf.DUMMYFUNCTION("""COMPUTED_VALUE"""),0.0) -> 0 | P6: =IFERROR(__xludf.DUMMYFUNCTION("""COMPUTED_VALUE"""),0.0) -> 0 | S6: =IFERROR(__xludf.DUMMYFUNCTION("""COMPUTED_VALUE"""),"Konawe Utara") -> Konawe Utara | T6: =IFERROR(__xludf.DUMMYFUNCTION("""COMPUTED_VALUE"""),0.0) -> 0 | U6: =IFERROR(__xludf.DUMMYFUNCTION("""COMPUTED_VALUE"""),0.0) -> 0 | V6: =IFERROR(__xludf.DUMMYFUNCTION("""COMPUTED_VALUE"""),0.0) -> 0 | W6: =IFERROR(__xludf.DUMMYFUNCTION("""COMPUTED_VALUE"""),0.0) -> 0 | X6: =IFERROR(__xludf.DUMMYFUNCTION("""COMPUTED_VALUE"""),0.0) -> 0
A7: BLK Buton | B7: =SUMIF(PelatihanUPTD!$R$2:$R1000, SUBSTITUTE(A7, "BLK ", ""), PelatihanUPTD!$D$2:$D1000) -> 0
H11: Disabilitas | I11: =sum(PelatihanUPTD!L2:L1000) -> 0
H12: Total | I12: 0

Sheet Sertifikasi
A1: No | B1: Skema | C1: TUK | D1: Tahap | E1: Tanggal Pendaftaran | F1: Nama Lengkap | G1: Nomor KTP | H1: Tempat Lahir | I1: Tanggal Lahir Bulan/Tgl/Tahun | J1: Jenis Kelamin | K1: Alamat Rumah | L1: Nomor Telepon | M1: Alamat Email | N1: Kualifikasi pendidikan | O1: Kebangsaan | P1: Asesor | Q1: Form APL 01 & 02 | R1: Hasil UJK | S1: Cetak Sertifikat
A2: {=SEQUENCE(800,1)} -> 1 | B2: =IFERROR(__xludf.DUMMYFUNCTION("IMPORTRANGE(""https://docs.google.com/spreadsheets/d/1haRfQwifZ53R6iKp8bKC59O4IcMrhZgSb_bu4PjzTZ8/edit?usp=sharing"" , ""Sertifikasi!B2:S"")"),"Merias Wajah") -> Merias Wajah | C2: =IFERROR(__xludf.DUMMYFUNCTION("""COMPUTED_VALUE"""),"SMK Negeri 3 Muna") -> SMK Negeri 3 Muna | F2: =IFERROR(__xludf.DUMMYFUNCTION("""COMPUTED_VALUE"""),"ANNISA AULIA PUTRI") -> ANNISA AULIA PUTRI | G2: =IFERROR(__xludf.DUMMYFUNCTION("""COMPUTED_VALUE"""),"7403045303090001") -> 7403045303090001 | J2: =IFERROR(__xludf.DUMMYFUNCTION("""COMPUTED_VALUE"""),"PEREMPUAN") -> PEREMPUAN | N2: =IFERROR(__xludf.DUMMYFUNCTION("""COMPUTED_VALUE"""),"SMA / SMK / MA") -> SMA / SMK / MA | R2: =IFERROR(__xludf.DUMMYFUNCTION("""COMPUTED_VALUE"""),"K") -> K | S2: =IFERROR(__xludf.DUMMYFUNCTION("""COMPUTED_VALUE"""),"Selesai") -> Selesai
A3: 2 | B3: =IFERROR(__xludf.DUMMYFUNCTION("""COMPUTED_VALUE"""),"Merias Wajah") -> Merias Wajah | C3: =IFERROR(__xludf.DUMMYFUNCTION("""COMPUTED_VALUE"""),"SMK Negeri 3 Muna") -> SMK Negeri 3 Muna | F3: =IFERROR(__xludf.DUMMYFUNCTION("""COMPUTED_VALUE"""),"AS-ZAHRA PUTRI SALSABILLAH") -> AS-ZAHRA PUTRI SALSABILLAH | G3: =IFERROR(__xludf.DUMMYFUNCTION("""COMPUTED_VALUE"""),"7403157003080001") -> 7403157003080001 | J3: =IFERROR(__xludf.DUMMYFUNCTION("""COMPUTED_VALUE"""),"PEREMPUAN") -> PEREMPUAN | N3: =IFERROR(__xludf.DUMMYFUNCTION("""COMPUTED_VALUE"""),"SMA / SMK / MA") -> SMA / SMK / MA | R3: =IFERROR(__xludf.DUMMYFUNCTION("""COMPUTED_VALUE"""),"K") -> K | S3: =IFERROR(__xludf.DUMMYFUNCTION("""COMPUTED_VALUE"""),"Selesai") -> Selesai
A4: 3 | B4: =IFERROR(__xludf.DUMMYFUNCTION("""COMPUTED_VALUE"""),"Merias Wajah") -> Merias Wajah | C4: =IFERROR(__xludf.DUMMYFUNCTION("""COMPUTED_VALUE"""),"SMK Negeri 3 Muna") -> SMK Negeri 3 Muna | F4: =IFERROR(__xludf.DUMMYFUNCTION("""COMPUTED_VALUE"""),"DIAN NOVITA") -> DIAN NOVITA | G4: =IFERROR(__xludf.DUMMYFUNCTION("""COMPUTED_VALUE"""),"7403326001070001") -> 7403326001070001 | J4: =IFERROR(__xludf.DUMMYFUNCTION("""COMPUTED_VALUE"""),"PEREMPUAN") -> PEREMPUAN | N4: =IFERROR(__xludf.DUMMYFUNCTION("""COMPUTED_VALUE"""),"SMA / SMK / MA") -> SMA / SMK / MA | R4: =IFERROR(__xludf.DUMMYFUNCTION("""COMPUTED_VALUE"""),"K") -> K | S4: =IFERROR(__xludf.DUMMYFUNCTION("""COMPUTED_VALUE"""),"Selesai") -> Selesai
A5: 4 | B5: =IFERROR(__xludf.DUMMYFUNCTION("""COMPUTED_VALUE"""),"Merias Wajah") -> Merias Wajah | C5: =IFERROR(__xludf.DUMMYFUNCTION("""COMPUTED_VALUE"""),"SMK Negeri 3 Muna") -> SMK Negeri 3 Muna | F5: =IFERROR(__xludf.DUMMYFUNCTION("""COMPUTED_VALUE"""),"ELVIKA") -> ELVIKA | G5: =IFERROR(__xludf.DUMMYFUNCTION("""COMPUTED_VALUE"""),"7403106811070001") -> 7403106811070001 | J5: =IFERROR(__xludf.DUMMYFUNCTION("""COMPUTED_VALUE"""),"PEREMPUAN") -> PEREMPUAN | N5: =IFERROR(__xludf.DUMMYFUNCTION("""COMPUTED_VALUE"""),"SMA / SMK / MA") -> SMA / SMK / MA | R5: =IFERROR(__xludf.DUMMYFUNCTION("""COMPUTED_VALUE"""),"K") -> K | S5: =IFERROR(__xludf.DUMMYFUNCTION("""COMPUTED_VALUE"""),"Selesai") -> Selesai
A6: 5 | B6: =IFERROR(__xludf.DUMMYFUNCTION("""COMPUTED_VALUE"""),"Merias Wajah") -> Merias Wajah | C6: =IFERROR(__xludf.DUMMYFUNCTION("""COMPUTED_VALUE"""),"SMK Negeri 3 Muna") -> SMK Negeri 3 Muna | F6: =IFERROR(__xludf.DUMMYFUNCTION("""COMPUTED_VALUE"""),"INTAN NUR AENI") -> INTAN NUR AENI | G6: =IFERROR(__xludf.DUMMYFUNCTION("""COMPUTED_VALUE"""),"7403274810060001") -> 7403274810060001 | J6: =IFERROR(__xludf.DUMMYFUNCTION("""COMPUTED_VALUE"""),"PEREMPUAN") -> PEREMPUAN | N6: =IFERROR(__xludf.DUMMYFUNCTION("""COMPUTED_VALUE"""),"SMA / SMK / MA") -> SMA / SMK / MA | R6: =IFERROR(__xludf.DUMMYFUNCTION("""COMPUTED_VALUE"""),"K") -> K | S6: =IFERROR(__xludf.DUMMYFUNCTION("""COMPUTED_VALUE"""),"Selesai") -> Selesai
A7: 6 | B7: =IFERROR(__xludf.DUMMYFUNCTION("""COMPUTED_VALUE"""),"Merias Wajah") -> Merias Wajah | C7: =IFERROR(__xludf.DUMMYFUNCTION("""COMPUTED_VALUE"""),"SMK Negeri 3 Muna") -> SMK Negeri 3 Muna | F7: =IFERROR(__xludf.DUMMYFUNCTION("""COMPUTED_VALUE"""),"JUWITA SEPTIANI PUTRI") -> JUWITA SEPTIANI PUTRI | G7: =IFERROR(__xludf.DUMMYFUNCTION("""COMPUTED_VALUE"""),"7403105907080001") -> 7403105907080001 | J7: =IFERROR(__xludf.DUMMYFUNCTION("""COMPUTED_VALUE"""),"PEREMPUAN") -> PEREMPUAN | N7: =IFERROR(__xludf.DUMMYFUNCTION("""COMPUTED_VALUE"""),"SMA / SMK / MA") -> SMA / SMK / MA | R7: =IFERROR(__xludf.DUMMYFUNCTION("""COMPUTED_VALUE"""),"K") -> K | S7: =IFERROR(__xludf.DUMMYFUNCTION("""COMPUTED_VALUE"""),"Selesai") -> Selesai
A8: 7 | B8: =IFERROR(__xludf.DUMMYFUNCTION("""COMPUTED_VALUE"""),"Merias Wajah") -> Merias Wajah | C8: =IFERROR(__xludf.DUMMYFUNCTION("""COMPUTED_VALUE"""),"SMK Negeri 3 Muna") -> SMK Negeri 3 Muna | F8: =IFERROR(__xludf.DUMMYFUNCTION("""COMPUTED_VALUE"""),"KEYSHA MAHAREZKY") -> KEYSHA MAHAREZKY | G8: =IFERROR(__xludf.DUMMYFUNCTION("""COMPUTED_VALUE"""),"7403104806080001") -> 7403104806080001 | J8: =IFERROR(__xludf.DUMMYFUNCTION("""COMPUTED_VALUE"""),"PEREMPUAN") -> PEREMPUAN | N8: =IFERROR(__xludf.DUMMYFUNCTION("""COMPUTED_VALUE"""),"SMA / SMK / MA") -> SMA / SMK / MA | R8: =IFERROR(__xludf.DUMMYFUNCTION("""COMPUTED_VALUE"""),"K") -> K | S8: =IFERROR(__xludf.DUMMYFUNCTION("""COMPUTED_VALUE"""),"Selesai") -> Selesai
A9: 8 | B9: =IFERROR(__xludf.DUMMYFUNCTION("""COMPUTED_VALUE"""),"Merias Wajah") -> Merias Wajah | C9: =IFERROR(__xludf.DUMMYFUNCTION("""COMPUTED_VALUE"""),"SMK Negeri 3 Muna") -> SMK Negeri 3 Muna | F9: =IFERROR(__xludf.DUMMYFUNCTION("""COMPUTED_VALUE"""),"MIRZA I. MENDALORA") -> MIRZA I. MENDALORA | G9: =IFERROR(__xludf.DUMMYFUNCTION("""COMPUTED_VALUE"""),"7403270601080001") -> 7403270601080001 | J9: =IFERROR(__xludf.DUMMYFUNCTION("""COMPUTED_VALUE"""),"LAKI-LAKI") -> LAKI-LAKI | N9: =IFERROR(__xludf.DUMMYFUNCTION("""COMPUTED_VALUE"""),"SMA / SMK / MA") -> SMA / SMK / MA | R9: =IFERROR(__xludf.DUMMYFUNCTION("""COMPUTED_VALUE"""),"K") -> K | S9: =IFERROR(__xludf.DUMMYFUNCTION("""COMPUTED_VALUE"""),"Selesai") -> Selesai
A10: 9 | B10: =IFERROR(__xludf.DUMMYFUNCTION("""COMPUTED_VALUE"""),"Merias Wajah") -> Merias Wajah | C10: =IFERROR(__xludf.DUMMYFUNCTION("""COMPUTED_VALUE"""),"SMK Negeri 3 Muna") -> SMK Negeri 3 Muna | F10: =IFERROR(__xludf.DUMMYFUNCTION("""COMPUTED_VALUE"""),"MUHAMAD SUGIANTO") -> MUHAMAD SUGIANTO | G10: =IFERROR(__xludf.DUMMYFUNCTION("""COMPUTED_VALUE"""),"7403160205080001") -> 7403160205080001 | J10: =IFERROR(__xludf.DUMMYFUNCTION("""COMPUTED_VALUE"""),"LAKI-LAKI") -> LAKI-LAKI | N10: =IFERROR(__xludf.DUMMYFUNCTION("""COMPUTED_VALUE"""),"SMA / SMK / MA") -> SMA / SMK / MA | R10: =IFERROR(__xludf.DUMMYFUNCTION("""COMPUTED_VALUE"""),"K") -> K | S10: =IFERROR(__xludf.DUMMYFUNCTION("""COMPUTED_VALUE"""),"Selesai") -> Selesai
A11: 10 | B11: =IFERROR(__xludf.DUMMYFUNCTION("""COMPUTED_VALUE"""),"Merias Wajah") -> Merias Wajah | C11: =IFERROR(__xludf.DUMMYFUNCTION("""COMPUTED_VALUE"""),"SMK Negeri 3 Muna") -> SMK Negeri 3 Muna | F11: =IFERROR(__xludf.DUMMYFUNCTION("""COMPUTED_VALUE"""),"NEO LESTARI") -> NEO LESTARI | G11: =IFERROR(__xludf.DUMMYFUNCTION("""COMPUTED_VALUE"""),"7403334808080002") -> 7403334808080002 | J11: =IFERROR(__xludf.DUMMYFUNCTION("""COMPUTED_VALUE"""),"PEREMPUAN") -> PEREMPUAN | N11: =IFERROR(__xludf.DUMMYFUNCTION("""COMPUTED_VALUE"""),"SMA / SMK / MA") -> SMA / SMK / MA | R11: =IFERROR(__xludf.DUMMYFUNCTION("""COMPUTED_VALUE"""),"K") -> K | S11: =IFERROR(__xludf.DUMMYFUNCTION("""COMPUTED_VALUE"""),"Selesai") -> Selesai
A12: 11 | B12: =IFERROR(__xludf.DUMMYFUNCTION("""COMPUTED_VALUE"""),"Merias Wajah") -> Merias Wajah | C12: =IFERROR(__xludf.DUMMYFUNCTION("""COMPUTED_VALUE"""),"SMK Negeri 3 Muna") -> SMK Negeri 3 Muna | F12: =IFERROR(__xludf.DUMMYFUNCTION("""COMPUTED_VALUE"""),"NUR AFIFAH YASMIN") -> NUR AFIFAH YASMIN | G12: =IFERROR(__xludf.DUMMYFUNCTION("""COMPUTED_VALUE"""),"7471104412070003") -> 7471104412070003 | J12: =IFERROR(__xludf.DUMMYFUNCTION("""COMPUTED_VALUE"""),"PEREMPUAN") -> PEREMPUAN | N12: =IFERROR(__xludf.DUMMYFUNCTION("""COMPUTED_VALUE"""),"SMA / SMK / MA") -> SMA / SMK / MA | R12: =IFERROR(__xludf.DUMMYFUNCTION("""COMPUTED_VALUE"""),"K") -> K | S12: =IFERROR(__xludf.DUMMYFUNCTION("""COMPUTED_VALUE"""),"Selesai") -> Selesai
A13: 12 | B13: =IFERROR(__xludf.DUMMYFUNCTION("""COMPUTED_VALUE"""),"Merias Wajah") -> Merias Wajah | C13: =IFERROR(__xludf.DUMMYFUNCTION("""COMPUTED_VALUE"""),"SMK Negeri 3 Muna") -> SMK Negeri 3 Muna | F13: =IFERROR(__xludf.DUMMYFUNCTION("""COMPUTED_VALUE"""),"NUR AKMA SYAFIKA") -> NUR AKMA SYAFIKA | G13: =IFERROR(__xludf.DUMMYFUNCTION("""COMPUTED_VALUE"""),"7403147103080001") -> 7403147103080001 | J13: =IFERROR(__xludf.DUMMYFUNCTION("""COMPUTED_VALUE"""),"PEREMPUAN") -> PEREMPUAN | N13: =IFERROR(__xludf.DUMMYFUNCTION("""COMPUTED_VALUE"""),"SMA / SMK / MA") -> SMA / SMK / MA | R13: =IFERROR(__xludf.DUMMYFUNCTION("""COMPUTED_VALUE"""),"K") -> K | S13: =IFERROR(__xludf.DUMMYFUNCTION("""COMPUTED_VALUE"""),"Selesai") -> Selesai
A14: 13 | B14: =IFERROR(__xludf.DUMMYFUNCTION("""COMPUTED_VALUE"""),"Merias Wajah") -> Merias Wajah | C14: =IFERROR(__xludf.DUMMYFUNCTION("""COMPUTED_VALUE"""),"SMK Negeri 3 Muna") -> SMK Negeri 3 Muna | F14: =IFERROR(__xludf.DUMMYFUNCTION("""COMPUTED_VALUE"""),"RABIAH") -> RABIAH | G14: =IFERROR(__xludf.DUMMYFUNCTION("""COMPUTED_VALUE"""),"7404074712040001") -> 7404074712040001 | J14: =IFERROR(__xludf.DUMMYFUNCTION("""COMPUTED_VALUE"""),"PEREMPUAN") -> PEREMPUAN | N14: =IFERROR(__xludf.DUMMYFUNCTION("""COMPUTED_VALUE"""),"SMA / SMK / MA") -> SMA / SMK / MA | R14: =IFERROR(__xludf.DUMMYFUNCTION("""COMPUTED_VALUE"""),"K") -> K | S14: =IFERROR(__xludf.DUMMYFUNCTION("""COMPUTED_VALUE"""),"Selesai") -> Selesai
A15: 14 | B15: =IFERROR(__xludf.DUMMYFUNCTION("""COMPUTED_VALUE"""),"Merias Wajah") -> Merias Wajah | C15: =IFERROR(__xludf.DUMMYFUNCTION("""COMPUTED_VALUE"""),"SMK Negeri 3 Muna") -> SMK Negeri 3 Muna | F15: =IFERROR(__xludf.DUMMYFUNCTION("""COMPUTED_VALUE"""),"SELA YANTI") -> SELA YANTI | G15: =IFERROR(__xludf.DUMMYFUNCTION("""COMPUTED_VALUE"""),"7403195810070001") -> 7403195810070001 | J15: =IFERROR(__xludf.DUMMYFUNCTION("""COMPUTED_VALUE"""),"PEREMPUAN") -> PEREMPUAN | N15: =IFERROR(__xludf.DUMMYFUNCTION("""COMPUTED_VALUE"""),"SMA / SMK / MA") -> SMA / SMK / MA | R15: =IFERROR(__xludf.DUMMYFUNCTION("""COMPUTED_VALUE"""),"K") -> K | S15: =IFERROR(__xludf.DUMMYFUNCTION("""COMPUTED_VALUE"""),"Selesai") -> Selesai
A16: 15 | B16: =IFERROR(__xludf.DUMMYFUNCTION("""COMPUTED_VALUE"""),"Merias Wajah") -> Merias Wajah | C16: =IFERROR(__xludf.DUMMYFUNCTION("""COMPUTED_VALUE"""),"SMK Negeri 3 Muna") -> SMK Negeri 3 Muna | F16: =IFERROR(__xludf.DUMMYFUNCTION("""COMPUTED_VALUE"""),"TIKA VERONIKA") -> TIKA VERONIKA | G16: =IFERROR(__xludf.DUMMYFUNCTION("""COMPUTED_VALUE"""),"7403325806080001") -> 7403325806080001 | J16: =IFERROR(__xludf.DUMMYFUNCTION("""COMPUTED_VALUE"""),"PEREMPUAN") -> PEREMPUAN | N16: =IFERROR(__xludf.DUMMYFUNCTION("""COMPUTED_VALUE"""),"SMA / SMK / MA") -> SMA / SMK / MA | R16: =IFERROR(__xludf.DUMMYFUNCTION("""COMPUTED_VALUE"""),"K") -> K | S16: =IFERROR(__xludf.DUMMYFUNCTION("""COMPUTED_VALUE"""),"Selesai") -> Selesai
A17: 16 | B17: =IFERROR(__xludf.DUMMYFUNCTION("""COMPUTED_VALUE"""),"Merias Wajah") -> Merias Wajah | C17: =IFERROR(__xludf.DUMMYFUNCTION("""COMPUTED_VALUE"""),"SMK Negeri 3 Muna") -> SMK Negeri 3 Muna | F17: =IFERROR(__xludf.DUMMYFUNCTION("""COMPUTED_VALUE"""),"WA ODE NUR AIMAH MUSKARIM") -> WA ODE NUR AIMAH MUSKARIM | G17: =IFERROR(__xludf.DUMMYFUNCTION("""COMPUTED_VALUE"""),"7403116504090001") -> 7403116504090001 | J17: =IFERROR(__xludf.DUMMYFUNCTION("""COMPUTED_VALUE"""),"PEREMPUAN") -> PEREMPUAN | N17: =IFERROR(__xludf.DUMMYFUNCTION("""COMPUTED_VALUE"""),"SMA / SMK / MA") -> SMA / SMK / MA | R17: =IFERROR(__xludf.DUMMYFUNCTION("""COMPUTED_VALUE"""),"K") -> K | S17: =IFERROR(__xludf.DUMMYFUNCTION("""COMPUTED_VALUE"""),"Selesai") -> Selesai
A18: 17 | B18: =IFERROR(__xludf.DUMMYFUNCTION("""COMPUTED_VALUE"""),"Merias Wajah") -> Merias Wajah | C18: =IFERROR(__xludf.DUMMYFUNCTION("""COMPUTED_VALUE"""),"SMK Negeri 3 Muna") -> SMK Negeri 3 Muna | F18: =IFERROR(__xludf.DUMMYFUNCTION("""COMPUTED_VALUE"""),"WA ODE NURWINDA") -> WA ODE NURWINDA | G18: =IFERROR(__xludf.DUMMYFUNCTION("""COMPUTED_VALUE"""),"7403186108060001") -> 7403186108060001 | J18: =IFERROR(__xludf.DUMMYFUNCTION("""COMPUTED_VALUE"""),"PEREMPUAN") -> PEREMPUAN | N18: =IFERROR(__xludf.DUMMYFUNCTION("""COMPUTED_VALUE"""),"SMA / SMK / MA") -> SMA / SMK / MA | R18: =IFERROR(__xludf.DUMMYFUNCTION("""COMPUTED_VALUE"""),"K") -> K | S18: =IFERROR(__xludf.DUMMYFUNCTION("""COMPUTED_VALUE"""),"Selesai") -> Selesai
A19: 18 | B19: =IFERROR(__xludf.DUMMYFUNCTION("""COMPUTED_VALUE"""),"Merias Wajah") -> Merias Wajah | C19: =IFERROR(__xludf.DUMMYFUNCTION("""COMPUTED_VALUE"""),"SMK Negeri 3 Muna") -> SMK Negeri 3 Muna | F19: =IFERROR(__xludf.DUMMYFUNCTION("""COMPUTED_VALUE"""),"WILDA URIKSAPUTRI FARSAN, S.Pd.") -> WILDA URIKSAPUTRI FARSAN, S.Pd. | G19: =IFERROR(__xludf.DUMMYFUNCTION("""COMPUTED_VALUE"""),"7403106203990201") -> 7403106203990201 | J19: =IFERROR(__xludf.DUMMYFUNCTION("""COMPUTED_VALUE"""),"PEREMPUAN") -> PEREMPUAN | N19: =IFERROR(__xludf.DUMMYFUNCTION("""COMPUTED_VALUE"""),"SMA / SMK / MA") -> SMA / SMK / MA | R19: =IFERROR(__xludf.DUMMYFUNCTION("""COMPUTED_VALUE"""),"K") -> K | S19: =IFERROR(__xludf.DUMMYFUNCTION("""COMPUTED_VALUE"""),"Selesai") -> Selesai
A20: 19 | B20: =IFERROR(__xludf.DUMMYFUNCTION("""COMPUTED_VALUE"""),"Merias Wajah") -> Merias Wajah | C20: =IFERROR(__xludf.DUMMYFUNCTION("""COMPUTED_VALUE"""),"SMK Negeri 3 Muna") -> SMK Negeri 3 Muna | F20: =IFERROR(__xludf.DUMMYFUNCTION("""COMPUTED_VALUE"""),"MUHAMAD IDUL, S.Pd.") -> MUHAMAD IDUL, S.Pd. | G20: =IFERROR(__xludf.DUMMYFUNCTION("""COMPUTED_VALUE"""),"7403101901990201") -> 7403101901990201 | J20: =IFERROR(__xludf.DUMMYFUNCTION("""COMPUTED_VALUE"""),"LAKI-LAKI") -> LAKI-LAKI | N20: =IFERROR(__xludf.DUMMYFUNCTION("""COMPUTED_VALUE"""),"SMA / SMK / MA") -> SMA / SMK / MA | R20: =IFERROR(__xludf.DUMMYFUNCTION("""COMPUTED_VALUE"""),"K") -> K | S20: =IFERROR(__xludf.DUMMYFUNCTION("""COMPUTED_VALUE"""),"Selesai") -> Selesai
A21: 20 | B21: =IFERROR(__xludf.DUMMYFUNCTION("""COMPUTED_VALUE"""),"Desainer Grafis Muda") -> Desainer Grafis Muda | C21: =IFERROR(__xludf.DUMMYFUNCTION("""COMPUTED_VALUE"""),"SMK Negeri 3 Muna") -> SMK Negeri 3 Muna | F21: =IFERROR(__xludf.DUMMYFUNCTION("""COMPUTED_VALUE"""),"AISYAH ADZRA BAZZAR") -> AISYAH ADZRA BAZZAR | G21: =IFERROR(__xludf.DUMMYFUNCTION("""COMPUTED_VALUE"""),"7403074406080001") -> 7403074406080001 | J21: =IFERROR(__xludf.DUMMYFUNCTION("""COMPUTED_VALUE"""),"PEREMPUAN") -> PEREMPUAN | N21: =IFERROR(__xludf.DUMMYFUNCTION("""COMPUTED_VALUE"""),"SMA / SMK / MA") -> SMA / SMK / MA | R21: =IFERROR(__xludf.DUMMYFUNCTION("""COMPUTED_VALUE"""),"K") -> K | S21: =IFERROR(__xludf.DUMMYFUNCTION("""COMPUTED_VALUE"""),"Selesai") -> Selesai
A22: 21 | B22: =IFERROR(__xludf.DUMMYFUNCTION("""COMPUTED_VALUE"""),"Desainer Grafis Muda") -> Desainer Grafis Muda | C22: =IFERROR(__xludf.DUMMYFUNCTION("""COMPUTED_VALUE"""),"SMK Negeri 3 Muna") -> SMK Negeri 3 Muna | F22: =IFERROR(__xludf.DUMMYFUNCTION("""COMPUTED_VALUE"""),"DELIA ANGGRAENI") -> DELIA ANGGRAENI | G22: =IFERROR(__xludf.DUMMYFUNCTION("""COMPUTED_VALUE"""),"7403186009080001") -> 7403186009080001 | J22: =IFERROR(__xludf.DUMMYFUNCTION("""COMPUTED_VALUE"""),"PEREMPUAN") -> PEREMPUAN | N22: =IFERROR(__xludf.DUMMYFUNCTION("""COMPUTED_VALUE"""),"SMA / SMK / MA") -> SMA / SMK / MA | R22: =IFERROR(__xludf.DUMMYFUNCTION("""COMPUTED_VALUE"""),"K") -> K | S22: =IFERROR(__xludf.DUMMYFUNCTION("""COMPUTED_VALUE"""),"Selesai") -> Selesai
A23: 22 | B23: =IFERROR(__xludf.DUMMYFUNCTION("""COMPUTED_VALUE"""),"Desainer Grafis Muda") -> Desainer Grafis Muda | C23: =IFERROR(__xludf.DUMMYFUNCTION("""COMPUTED_VALUE"""),"SMK Negeri 3 Muna") -> SMK Negeri 3 Muna | F23: =IFERROR(__xludf.DUMMYFUNCTION("""COMPUTED_VALUE"""),"DENI JULIANTORO") -> DENI JULIANTORO | G23: =IFERROR(__xludf.DUMMYFUNCTION("""COMPUTED_VALUE"""),"7403065004080001") -> 7403065004080001 | J23: =IFERROR(__xludf.DUMMYFUNCTION("""COMPUTED_VALUE"""),"PEREMPUAN") -> PEREMPUAN | N23: =IFERROR(__xludf.DUMMYFUNCTION("""COMPUTED_VALUE"""),"SMA / SMK / MA") -> SMA / SMK / MA | R23: =IFERROR(__xludf.DUMMYFUNCTION("""COMPUTED_VALUE"""),"K") -> K | S23: =IFERROR(__xludf.DUMMYFUNCTION("""COMPUTED_VALUE"""),"Selesai") -> Selesai
A24: 23 | B24: =IFERROR(__xludf.DUMMYFUNCTION("""COMPUTED_VALUE"""),"Desainer Grafis Muda") -> Desainer Grafis Muda | C24: =IFERROR(__xludf.DUMMYFUNCTION("""COMPUTED_VALUE"""),"SMK Negeri 3 Muna") -> SMK Negeri 3 Muna | F24: =IFERROR(__xludf.DUMMYFUNCTION("""COMPUTED_VALUE"""),"DZULHIJJAH NURUL AINI") -> DZULHIJJAH NURUL AINI | G24: =IFERROR(__xludf.DUMMYFUNCTION("""COMPUTED_VALUE"""),"7403135708080001") -> 7403135708080001 | J24: =IFERROR(__xludf.DUMMYFUNCTION("""COMPUTED_VALUE"""),"PEREMPUAN") -> PEREMPUAN | N24: =IFERROR(__xludf.DUMMYFUNCTION("""COMPUTED_VALUE"""),"SMA / SMK / MA") -> SMA / SMK / MA | R24: =IFERROR(__xludf.DUMMYFUNCTION("""COMPUTED_VALUE"""),"K") -> K | S24: =IFERROR(__xludf.DUMMYFUNCTION("""COMPUTED_VALUE"""),"Selesai") -> Selesai
A25: 24 | B25: =IFERROR(__xludf.DUMMYFUNCTION("""COMPUTED_VALUE"""),"Desainer Grafis Muda") -> Desainer Grafis Muda | C25: =IFERROR(__xludf.DUMMYFUNCTION("""COMPUTED_VALUE"""),"SMK Negeri 3 Muna") -> SMK Negeri 3 Muna | F25: =IFERROR(__xludf.DUMMYFUNCTION("""COMPUTED_VALUE"""),"EMILYA MARWAH MILANO") -> EMILYA MARWAH MILANO | G25: =IFERROR(__xludf.DUMMYFUNCTION("""COMPUTED_VALUE"""),"7403136501080001") -> 7403136501080001 | J25: =IFERROR(__xludf.DUMMYFUNCTION("""COMPUTED_VALUE"""),"PEREMPUAN") -> PEREMPUAN | N25: =IFERROR(__xludf.DUMMYFUNCTION("""COMPUTED_VALUE"""),"SMA / SMK / MA") -> SMA / SMK / MA | R25: =IFERROR(__xludf.DUMMYFUNCTION("""COMPUTED_VALUE"""),"K") -> K | S25: =IFERROR(__xludf.DUMMYFUNCTION("""COMPUTED_VALUE"""),"Selesai") -> Selesai
A26: 25 | B26: =IFERROR(__xludf.DUMMYFUNCTION("""COMPUTED_VALUE"""),"Desainer Grafis Muda") -> Desainer Grafis Muda | C26: =IFERROR(__xludf.DUMMYFUNCTION("""COMPUTED_VALUE"""),"SMK Negeri 3 Muna") -> SMK Negeri 3 Muna | F26: =IFERROR(__xludf.DUMMYFUNCTION("""COMPUTED_VALUE"""),"FANESA ANINDYA") -> FANESA ANINDYA | G26: =IFERROR(__xludf.DUMMYFUNCTION("""COMPUTED_VALUE"""),"7471025003090001") -> 7471025003090001 | J26: =IFERROR(__xludf.DUMMYFUNCTION("""COMPUTED_VALUE"""),"PEREMPUAN") -> PEREMPUAN | N26: =IFERROR(__xludf.DUMMYFUNCTION("""COMPUTED_VALUE"""),"SMA / SMK / MA") -> SMA / SMK / MA | R26: =IFERROR(__xludf.DUMMYFUNCTION("""COMPUTED_VALUE"""),"K") -> K | S26: =IFERROR(__xludf.DUMMYFUNCTION("""COMPUTED_VALUE"""),"Selesai") -> Selesai
A27: 26 | B27: =IFERROR(__xludf.DUMMYFUNCTION("""COMPUTED_VALUE"""),"Desainer Grafis Muda") -> Desainer Grafis Muda | C27: =IFERROR(__xludf.DUMMYFUNCTION("""COMPUTED_VALUE"""),"SMK Negeri 3 Muna") -> SMK Negeri 3 Muna | F27: =IFERROR(__xludf.DUMMYFUNCTION("""COMPUTED_VALUE"""),"FITRIANI") -> FITRIANI | G27: =IFERROR(__xludf.DUMMYFUNCTION("""COMPUTED_VALUE"""),"7403176907080001") -> 7403176907080001 | J27: =IFERROR(__xludf.DUMMYFUNCTION("""COMPUTED_VALUE"""),"PEREMPUAN") -> PEREMPUAN | N27: =IFERROR(__xludf.DUMMYFUNCTION("""COMPUTED_VALUE"""),"SMA / SMK / MA") -> SMA / SMK / MA | R27: =IFERROR(__xludf.DUMMYFUNCTION("""COMPUTED_VALUE"""),"K") -> K | S27: =IFERROR(__xludf.DUMMYFUNCTION("""COMPUTED_VALUE"""),"Selesai") -> Selesai
A28: 27 | B28: =IFERROR(__xludf.DUMMYFUNCTION("""COMPUTED_VALUE"""),"Desainer Grafis Muda") -> Desainer Grafis Muda | C28: =IFERROR(__xludf.DUMMYFUNCTION("""COMPUTED_VALUE"""),"SMK Negeri 3 Muna") -> SMK Negeri 3 Muna | F28: =IFERROR(__xludf.DUMMYFUNCTION("""COMPUTED_VALUE"""),"ILMIANI RAMADHAN") -> ILMIANI RAMADHAN | G28: =IFERROR(__xludf.DUMMYFUNCTION("""COMPUTED_VALUE"""),"7403185006080003") -> 7403185006080003 | J28: =IFERROR(__xludf.DUMMYFUNCTION("""COMPUTED_VALUE"""),"PEREMPUAN") -> PEREMPUAN | N28: =IFERROR(__xludf.DUMMYFUNCTION("""COMPUTED_VALUE"""),"SMA / SMK / MA") -> SMA / SMK / MA | R28: =IFERROR(__xludf.DUMMYFUNCTION("""COMPUTED_VALUE"""),"K") -> K | S28: =IFERROR(__xludf.DUMMYFUNCTION("""COMPUTED_VALUE"""),"Selesai") -> Selesai
A29: 28 | B29: =IFERROR(__xludf.DUMMYFUNCTION("""COMPUTED_VALUE"""),"Desainer Grafis Muda") -> Desainer Grafis Muda | C29: =IFERROR(__xludf.DUMMYFUNCTION("""COMPUTED_VALUE"""),"SMK Negeri 3 Muna") -> SMK Negeri 3 Muna | F29: =IFERROR(__xludf.DUMMYFUNCTION("""COMPUTED_VALUE"""),"NIA ANITA") -> NIA ANITA | G29: =IFERROR(__xludf.DUMMYFUNCTION("""COMPUTED_VALUE"""),"7403175310070001") -> 7403175310070001 | J29: =IFERROR(__xludf.DUMMYFUNCTION("""COMPUTED_VALUE"""),"PEREMPUAN") -> PEREMPUAN | N29: =IFERROR(__xludf.DUMMYFUNCTION("""COMPUTED_VALUE"""),"SMA / SMK / MA") -> SMA / SMK / MA | R29: =IFERROR(__xludf.DUMMYFUNCTION("""COMPUTED_VALUE"""),"K") -> K | S29: =IFERROR(__xludf.DUMMYFUNCTION("""COMPUTED_VALUE"""),"Selesai") -> Selesai
A30: 29 | B30: =IFERROR(__xludf.DUMMYFUNCTION("""COMPUTED_VALUE"""),"Desainer Grafis Muda") -> Desainer Grafis Muda | C30: =IFERROR(__xludf.DUMMYFUNCTION("""COMPUTED_VALUE"""),"SMK Negeri 3 Muna") -> SMK Negeri 3 Muna | F30: =IFERROR(__xludf.DUMMYFUNCTION("""COMPUTED_VALUE"""),"NOVIANTI") -> NOVIANTI | G30: =IFERROR(__xludf.DUMMYFUNCTION("""COMPUTED_VALUE"""),"7403145906080002") -> 7403145906080002 | J30: =IFERROR(__xludf.DUMMYFUNCTION("""COMPUTED_VALUE"""),"PEREMPUAN") -> PEREMPUAN | N30: =IFERROR(__xludf.DUMMYFUNCTION("""COMPUTED_VALUE"""),"SMA / SMK / MA") -> SMA / SMK / MA | R30: =IFERROR(__xludf.DUMMYFUNCTION("""COMPUTED_VALUE"""),"K") -> K | S30: =IFERROR(__xludf.DUMMYFUNCTION("""COMPUTED_VALUE"""),"Selesai") -> Selesai
A31: 30 | B31: =IFERROR(__xludf.DUMMYFUNCTION("""COMPUTED_VALUE"""),"Desainer Grafis Muda") -> Desainer Grafis Muda | C31: =IFERROR(__xludf.DUMMYFUNCTION("""COMPUTED_VALUE"""),"SMK Negeri 3 Muna") -> SMK Negeri 3 Muna | F31: =IFERROR(__xludf.DUMMYFUNCTION("""COMPUTED_VALUE"""),"NUR AYLA AZURA ANWAR") -> NUR AYLA AZURA ANWAR | G31: =IFERROR(__xludf.DUMMYFUNCTION("""COMPUTED_VALUE"""),"7403124202080001") -> 7403124202080001 | J31: =IFERROR(__xludf.DUMMYFUNCTION("""COMPUTED_VALUE"""),"PEREMPUAN") -> PEREMPUAN | N31: =IFERROR(__xludf.DUMMYFUNCTION("""COMPUTED_VALUE"""),"SMA / SMK / MA") -> SMA / SMK / MA | R31: =IFERROR(__xludf.DUMMYFUNCTION("""COMPUTED_VALUE"""),"K") -> K | S31: =IFERROR(__xludf.DUMMYFUNCTION("""COMPUTED_VALUE"""),"Selesai") -> Selesai
A32: 31 | B32: =IFERROR(__xludf.DUMMYFUNCTION("""COMPUTED_VALUE"""),"Desainer Grafis Muda") -> Desainer Grafis Muda | C32: =IFERROR(__xludf.DUMMYFUNCTION("""COMPUTED_VALUE"""),"SMK Negeri 3 Muna") -> SMK Negeri 3 Muna | F32: =IFERROR(__xludf.DUMMYFUNCTION("""COMPUTED_VALUE"""),"NUR ZAITUN") -> NUR ZAITUN | G32: =IFERROR(__xludf.DUMMYFUNCTION("""COMPUTED_VALUE"""),"7403147003070201") -> 7403147003070201 | J32: =IFERROR(__xludf.DUMMYFUNCTION("""COMPUTED_VALUE"""),"PEREMPUAN") -> PEREMPUAN | N32: =IFERROR(__xludf.DUMMYFUNCTION("""COMPUTED_VALUE"""),"SMA / SMK / MA") -> SMA / SMK / MA | R32: =IFERROR(__xludf.DUMMYFUNCTION("""COMPUTED_VALUE"""),"K") -> K | S32: =IFERROR(__xludf.DUMMYFUNCTION("""COMPUTED_VALUE"""),"Selesai") -> Selesai
A33: 32 | B33: =IFERROR(__xludf.DUMMYFUNCTION("""COMPUTED_VALUE"""),"Desainer Grafis Muda") -> Desainer Grafis Muda | C33: =IFERROR(__xludf.DUMMYFUNCTION("""COMPUTED_VALUE"""),"SMK Negeri 3 Muna") -> SMK Negeri 3 Muna | F33: =IFERROR(__xludf.DUMMYFUNCTION("""COMPUTED_VALUE"""),"PUPUT DWI ANGGRAINI") -> PUPUT DWI ANGGRAINI | G33: =IFERROR(__xludf.DUMMYFUNCTION("""COMPUTED_VALUE"""),"7403161405080003") -> 7403161405080003 | J33: =IFERROR(__xludf.DUMMYFUNCTION("""COMPUTED_VALUE"""),"LAKI-LAKI") -> LAKI-LAKI | N33: =IFERROR(__xludf.DUMMYFUNCTION("""COMPUTED_VALUE"""),"SMA / SMK / MA") -> SMA / SMK / MA | R33: =IFERROR(__xludf.DUMMYFUNCTION("""COMPUTED_VALUE"""),"K") -> K | S33: =IFERROR(__xludf.DUMMYFUNCTION("""COMPUTED_VALUE"""),"Selesai") -> Selesai
A34: 33 | B34: =IFERROR(__xludf.DUMMYFUNCTION("""COMPUTED_VALUE"""),"Desainer Grafis Muda") -> Desainer Grafis Muda | C34: =IFERROR(__xludf.DUMMYFUNCTION("""COMPUTED_VALUE"""),"SMK Negeri 3 Muna") -> SMK Negeri 3 Muna | F34: =IFERROR(__xludf.DUMMYFUNCTION("""COMPUTED_VALUE"""),"SHENDY APRILIA") -> SHENDY APRILIA | G34: =IFERROR(__xludf.DUMMYFUNCTION("""COMPUTED_VALUE"""),"7403184311080002") -> 7403184311080002 | J34: =IFERROR(__xludf.DUMMYFUNCTION("""COMPUTED_VALUE"""),"PEREMPUAN") -> PEREMPUAN | N34: =IFERROR(__xludf.DUMMYFUNCTION("""COMPUTED_VALUE"""),"SMA / SMK / MA") -> SMA / SMK / MA | R34: =IFERROR(__xludf.DUMMYFUNCTION("""COMPUTED_VALUE"""),"K") -> K | S34: =IFERROR(__xludf.DUMMYFUNCTION("""COMPUTED_VALUE"""),"Selesai") -> Selesai
A35: 34 | B35: =IFERROR(__xludf.DUMMYFUNCTION("""COMPUTED_VALUE"""),"Desainer Grafis Muda") -> Desainer Grafis Muda | C35: =IFERROR(__xludf.DUMMYFUNCTION("""COMPUTED_VALUE"""),"SMK Negeri 3 Muna") -> SMK Negeri 3 Muna | F35: =IFERROR(__xludf.DUMMYFUNCTION("""COMPUTED_VALUE"""),"SUYATMI") -> SUYATMI | G35: =IFERROR(__xludf.DUMMYFUNCTION("""COMPUTED_VALUE"""),"7403144107070223") -> 7403144107070223 | J35: =IFERROR(__xludf.DUMMYFUNCTION("""COMPUTED_VALUE"""),"PEREMPUAN") -> PEREMPUAN | N35: =IFERROR(__xludf.DUMMYFUNCTION("""COMPUTED_VALUE"""),"SMA / SMK / MA") -> SMA / SMK / MA | R35: =IFERROR(__xludf.DUMMYFUNCTION("""COMPUTED_VALUE"""),"K") -> K | S35: =IFERROR(__xludf.DUMMYFUNCTION("""COMPUTED_VALUE"""),"Selesai") -> Selesai
A36: 35 | B36: =IFERROR(__xludf.DUMMYFUNCTION("""COMPUTED_VALUE"""),"Desainer Grafis Muda") -> Desainer Grafis Muda | C36: =IFERROR(__xludf.DUMMYFUNCTION("""COMPUTED_VALUE"""),"SMK Negeri 3 Muna") -> SMK Negeri 3 Muna | F36: =IFERROR(__xludf.DUMMYFUNCTION("""COMPUTED_VALUE"""),"TIZI AMRITA") -> TIZI AMRITA | G36: =IFERROR(__xludf.DUMMYFUNCTION("""COMPUTED_VALUE"""),"7403156807080001") -> 7403156807080001 | J36: =IFERROR(__xludf.DUMMYFUNCTION("""COMPUTED_VALUE"""),"PEREMPUAN") -> PEREMPUAN | N36: =IFERROR(__xludf.DUMMYFUNCTION("""COMPUTED_VALUE"""),"SMA / SMK / MA") -> SMA / SMK / MA | R36: =IFERROR(__xludf.DUMMYFUNCTION("""COMPUTED_VALUE"""),"K") -> K | S36: =IFERROR(__xludf.DUMMYFUNCTION("""COMPUTED_VALUE"""),"Selesai") -> Selesai
A37: 36 | B37: =IFERROR(__xludf.DUMMYFUNCTION("""COMPUTED_VALUE"""),"Desainer Grafis Muda") -> Desainer Grafis Muda | C37: =IFERROR(__xludf.DUMMYFUNCTION("""COMPUTED_VALUE"""),"SMK Negeri 3 Muna") -> SMK Negeri 3 Muna | F37: =IFERROR(__xludf.DUMMYFUNCTION("""COMPUTED_VALUE"""),"WAHYU NUR ALAM") -> WAHYU NUR ALAM | G37: =IFERROR(__xludf.DUMMYFUNCTION("""COMPUTED_VALUE"""),"7403156308090001") -> 7403156308090001 | J37: =IFERROR(__xludf.DUMMYFUNCTION("""COMPUTED_VALUE"""),"PEREMPUAN") -> PEREMPUAN | N37: =IFERROR(__xludf.DUMMYFUNCTION("""COMPUTED_VALUE"""),"SMA / SMK / MA") -> SMA / SMK / MA | R37: =IFERROR(__xludf.DUMMYFUNCTION("""COMPUTED_VALUE"""),"K") -> K | S37: =IFERROR(__xludf.DUMMYFUNCTION("""COMPUTED_VALUE"""),"Selesai") -> Selesai
A38: 37 | B38: =IFERROR(__xludf.DUMMYFUNCTION("""COMPUTED_VALUE"""),"Desainer Grafis Muda") -> Desainer Grafis Muda | C38: =IFERROR(__xludf.DUMMYFUNCTION("""COMPUTED_VALUE"""),"SMK Negeri 3 Muna") -> SMK Negeri 3 Muna | F38: =IFERROR(__xludf.DUMMYFUNCTION("""COMPUTED_VALUE"""),"MARTISARI, S.Pd.") -> MARTISARI, S.Pd. | G38: =IFERROR(__xludf.DUMMYFUNCTION("""COMPUTED_VALUE"""),"7403196310880001") -> 7403196310880001 | J38: =IFERROR(__xludf.DUMMYFUNCTION("""COMPUTED_VALUE"""),"PEREMPUAN") -> PEREMPUAN | N38: =IFERROR(__xludf.DUMMYFUNCTION("""COMPUTED_VALUE"""),"SMA / SMK / MA") -> SMA / SMK / MA | R38: =IFERROR(__xludf.DUMMYFUNCTION("""COMPUTED_VALUE"""),"K") -> K | S38: =IFERROR(__xludf.DUMMYFUNCTION("""COMPUTED_VALUE"""),"Selesai") -> Selesai
A39: 38 | B39: =IFERROR(__xludf.DUMMYFUNCTION("""COMPUTED_VALUE"""),"Desainer Grafis Muda") -> Desainer Grafis Muda | C39: =IFERROR(__xludf.DUMMYFUNCTION("""COMPUTED_VALUE"""),"SMK Negeri 3 Muna") -> SMK Negeri 3 Muna | F39: =IFERROR(__xludf.DUMMYFUNCTION("""COMPUTED_VALUE"""),"WAODE AMALIA, S.Pd.") -> WAODE AMALIA, S.Pd. | G39: =IFERROR(__xludf.DUMMYFUNCTION("""COMPUTED_VALUE"""),"7471016808940001") -> 7471016808940001 | J39: =IFERROR(__xludf.DUMMYFUNCTION("""COMPUTED_VALUE"""),"PEREMPUAN") -> PEREMPUAN | N39: =IFERROR(__xludf.DUMMYFUNCTION("""COMPUTED_VALUE"""),"SMA / SMK / MA") -> SMA / SMK / MA | R39: =IFERROR(__xludf.DUMMYFUNCTION("""COMPUTED_VALUE"""),"K") -> K | S39: =IFERROR(__xludf.DUMMYFUNCTION("""COMPUTED_VALUE"""),"Selesai") -> Selesai
A40: 39 | B40: =IFERROR(__xludf.DUMMYFUNCTION("""COMPUTED_VALUE"""),"Desainer Grafis Muda") -> Desainer Grafis Muda | C40: =IFERROR(__xludf.DUMMYFUNCTION("""COMPUTED_VALUE"""),"SMK Negeri 3 Muna") -> SMK Negeri 3 Muna | F40: =IFERROR(__xludf.DUMMYFUNCTION("""COMPUTED_VALUE"""),"MILDA NOSEISE, S.Pd.") -> MILDA NOSEISE, S.Pd. | G40: =IFERROR(__xludf.DUMMYFUNCTION("""COMPUTED_VALUE"""),"7403127012980201") -> 7403127012980201 | J40: =IFERROR(__xludf.DUMMYFUNCTION("""COMPUTED_VALUE"""),"PEREMPUAN") -> PEREMPUAN | N40: =IFERROR(__xludf.DUMMYFUNCTION("""COMPUTED_VALUE"""),"SMA / SMK / MA") -> SMA / SMK / MA | R40: =IFERROR(__xludf.DUMMYFUNCTION("""COMPUTED_VALUE"""),"K") -> K | S40: =IFERROR(__xludf.DUMMYFUNCTION("""COMPUTED_VALUE"""),"Selesai") -> Selesai
A41: 40 | B41: =IFERROR(__xludf.DUMMYFUNCTION("""COMPUTED_VALUE"""),"Desainer Grafis Muda") -> Desainer Grafis Muda | C41: =IFERROR(__xludf.DUMMYFUNCTION("""COMPUTED_VALUE"""),"SMK Negeri 3 Muna") -> SMK Negeri 3 Muna | F41: =IFERROR(__xludf.DUMMYFUNCTION("""COMPUTED_VALUE"""),"SATRYANI, S.Kom.") -> SATRYANI, S.Kom. | G41: =IFERROR(__xludf.DUMMYFUNCTION("""COMPUTED_VALUE"""),"7403166909930001") -> 7403166909930001 | J41: =IFERROR(__xludf.DUMMYFUNCTION("""COMPUTED_VALUE"""),"PEREMPUAN") -> PEREMPUAN | N41: =IFERROR(__xludf.DUMMYFUNCTION("""COMPUTED_VALUE"""),"SMA / SMK / MA") -> SMA / SMK / MA | R41: =IFERROR(__xludf.DUMMYFUNCTION("""COMPUTED_VALUE"""),"K") -> K | S41: =IFERROR(__xludf.DUMMYFUNCTION("""COMPUTED_VALUE"""),"Selesai") -> Selesai
A42: 41 | B42: =IFERROR(__xludf.DUMMYFUNCTION("""COMPUTED_VALUE"""),"Desainer Grafis Muda") -> Desainer Grafis Muda | C42: =IFERROR(__xludf.DUMMYFUNCTION("""COMPUTED_VALUE"""),"SMK Negeri 3 Muna") -> SMK Negeri 3 Muna | F42: =IFERROR(__xludf.DUMMYFUNCTION("""COMPUTED_VALUE"""),"NONA, S.Pd.") -> NONA, S.Pd. | G42: =IFERROR(__xludf.DUMMYFUNCTION("""COMPUTED_VALUE"""),"7403144409000003") -> 7403144409000003 | J42: =IFERROR(__xludf.DUMMYFUNCTION("""COMPUTED_VALUE"""),"PEREMPUAN") -> PEREMPUAN | N42: =IFERROR(__xludf.DUMMYFUNCTION("""COMPUTED_VALUE"""),"SMA / SMK / MA") -> SMA / SMK / MA | R42: =IFERROR(__xludf.DUMMYFUNCTION("""COMPUTED_VALUE"""),"K") -> K | S42: =IFERROR(__xludf.DUMMYFUNCTION("""COMPUTED_VALUE"""),"Selesai") -> Selesai
A43: 42 | B43: =IFERROR(__xludf.DUMMYFUNCTION("""COMPUTED_VALUE"""),"Desainer Grafis Muda") -> Desainer Grafis Muda | C43: =IFERROR(__xludf.DUMMYFUNCTION("""COMPUTED_VALUE"""),"SMK Negeri 3 Muna") -> SMK Negeri 3 Muna | F43: =IFERROR(__xludf.DUMMYFUNCTION("""COMPUTED_VALUE"""),"LA ODE RAHMAT ANDRE PRATAMA, S.T.") -> LA ODE RAHMAT ANDRE PRATAMA, S.T. | G43: =IFERROR(__xludf.DUMMYFUNCTION("""COMPUTED_VALUE"""),"7403163004000001") -> 7403163004000001 | J43: =IFERROR(__xludf.DUMMYFUNCTION("""COMPUTED_VALUE"""),"LAKI-LAKI") -> LAKI-LAKI | N43: =IFERROR(__xludf.DUMMYFUNCTION("""COMPUTED_VALUE"""),"SMA / SMK / MA") -> SMA / SMK / MA | R43: =IFERROR(__xludf.DUMMYFUNCTION("""COMPUTED_VALUE"""),"K") -> K | S43: =IFERROR(__xludf.DUMMYFUNCTION("""COMPUTED_VALUE"""),"Selesai") -> Selesai
A44: 43 | B44: =IFERROR(__xludf.DUMMYFUNCTION("""COMPUTED_VALUE"""),"Menjahit Pakaian Wanita Dewasa") -> Menjahit Pakaian Wanita Dewasa | C44: =IFERROR(__xludf.DUMMYFUNCTION("""COMPUTED_VALUE"""),"SMK Negeri 3 Muna") -> SMK Negeri 3 Muna | F44: =IFERROR(__xludf.DUMMYFUNCTION("""COMPUTED_VALUE"""),"ADEL CHRISTIANI") -> ADEL CHRISTIANI | G44: =IFERROR(__xludf.DUMMYFUNCTION("""COMPUTED_VALUE"""),"7403074406080001") -> 7403074406080001 | J44: =IFERROR(__xludf.DUMMYFUNCTION("""COMPUTED_VALUE"""),"PEREMPUAN") -> PEREMPUAN | K44: =IFERROR(__xludf.DUMMYFUNCTION("""COMPUTED_VALUE"""),"Jl. Jenderal Sudirman No. 8") -> Jl. Jenderal Sudirman No. 8 | N44: =IFERROR(__xludf.DUMMYFUNCTION("""COMPUTED_VALUE"""),"SMA / SMK / MA") -> SMA / SMK / MA | R44: =IFERROR(__xludf.DUMMYFUNCTION("""COMPUTED_VALUE"""),"K") -> K | S44: =IFERROR(__xludf.DUMMYFUNCTION("""COMPUTED_VALUE"""),"Selesai") -> Selesai
A45: 44 | B45: =IFERROR(__xludf.DUMMYFUNCTION("""COMPUTED_VALUE"""),"Menjahit Pakaian Wanita Dewasa") -> Menjahit Pakaian Wanita Dewasa | C45: =IFERROR(__xludf.DUMMYFUNCTION("""COMPUTED_VALUE"""),"SMK Negeri 3 Muna") -> SMK Negeri 3 Muna | F45: =IFERROR(__xludf.DUMMYFUNCTION("""COMPUTED_VALUE"""),"AKILA ZATIL IZA") -> AKILA ZATIL IZA | G45: =IFERROR(__xludf.DUMMYFUNCTION("""COMPUTED_VALUE"""),"7403186009080001") -> 7403186009080001 | J45: =IFERROR(__xludf.DUMMYFUNCTION("""COMPUTED_VALUE"""),"PEREMPUAN") -> PEREMPUAN | K45: =IFERROR(__xludf.DUMMYFUNCTION("""COMPUTED_VALUE"""),"Mabholu") -> Mabholu | N45: =IFERROR(__xludf.DUMMYFUNCTION("""COMPUTED_VALUE"""),"SMA / SMK / MA") -> SMA / SMK / MA | R45: =IFERROR(__xludf.DUMMYFUNCTION("""COMPUTED_VALUE"""),"K") -> K | S45: =IFERROR(__xludf.DUMMYFUNCTION("""COMPUTED_VALUE"""),"Selesai") -> Selesai
A46: 45 | B46: =IFERROR(__xludf.DUMMYFUNCTION("""COMPUTED_VALUE"""),"Menjahit Pakaian Wanita Dewasa") -> Menjahit Pakaian Wanita Dewasa | C46: =IFERROR(__xludf.DUMMYFUNCTION("""COMPUTED_VALUE"""),"SMK Negeri 3 Muna") -> SMK Negeri 3 Muna | F46: =IFERROR(__xludf.DUMMYFUNCTION("""COMPUTED_VALUE"""),"ATIKA NADIYA SARIM") -> ATIKA NADIYA SARIM | G46: =IFERROR(__xludf.DUMMYFUNCTION("""COMPUTED_VALUE"""),"7403135708080001") -> 7403135708080001 | J46: =IFERROR(__xludf.DUMMYFUNCTION("""COMPUTED_VALUE"""),"PEREMPUAN") -> PEREMPUAN | K46: =IFERROR(__xludf.DUMMYFUNCTION("""COMPUTED_VALUE"""),"Desa Kondongia Kecamatan Lohia") -> Desa Kondongia Kecamatan Lohia | N46: =IFERROR(__xludf.DUMMYFUNCTION("""COMPUTED_VALUE"""),"SMA / SMK / MA") -> SMA / SMK / MA | R46: =IFERROR(__xludf.DUMMYFUNCTION("""COMPUTED_VALUE"""),"K") -> K | S46: =IFERROR(__xludf.DUMMYFUNCTION("""COMPUTED_VALUE"""),"Selesai") -> Selesai
A47: 46 | B47: =IFERROR(__xludf.DUMMYFUNCTION("""COMPUTED_VALUE"""),"Menjahit Pakaian Wanita Dewasa") -> Menjahit Pakaian Wanita Dewasa | C47: =IFERROR(__xludf.DUMMYFUNCTION("""COMPUTED_VALUE"""),"SMK Negeri 3 Muna") -> SMK Negeri 3 Muna | F47: =IFERROR(__xludf.DUMMYFUNCTION("""COMPUTED_VALUE"""),"AYUNDA") -> AYUNDA | G47: =IFERROR(__xludf.DUMMYFUNCTION("""COMPUTED_VALUE"""),"7403136501080001") -> 7403136501080001 | J47: =IFERROR(__xludf.DUMMYFUNCTION("""COMPUTED_VALUE"""),"PEREMPUAN") -> PEREMPUAN | K47: =IFERROR(__xludf.DUMMYFUNCTION("""COMPUTED_VALUE"""),"Desa Kondongia Kecamatan Lohia") -> Desa Kondongia Kecamatan Lohia | N47: =IFERROR(__xludf.DUMMYFUNCTION("""COMPUTED_VALUE"""),"SMA / SMK / MA") -> SMA / SMK / MA | R47: =IFERROR(__xludf.DUMMYFUNCTION("""COMPUTED_VALUE"""),"K") -> K | S47: =IFERROR(__xludf.DUMMYFUNCTION("""COMPUTED_VALUE"""),"Selesai") -> Selesai
A48: 47 | B48: =IFERROR(__xludf.DUMMYFUNCTION("""COMPUTED_VALUE"""),"Menjahit Pakaian Wanita Dewasa") -> Menjahit Pakaian Wanita Dewasa | C48: =IFERROR(__xludf.DUMMYFUNCTION("""COMPUTED_VALUE"""),"SMK Negeri 3 Muna") -> SMK Negeri 3 Muna | F48: =IFERROR(__xludf.DUMMYFUNCTION("""COMPUTED_VALUE"""),"AZ ZAHRA") -> AZ ZAHRA | G48: =IFERROR(__xludf.DUMMYFUNCTION("""COMPUTED_VALUE"""),"7471025003090001") -> 7471025003090001 | J48: =IFERROR(__xludf.DUMMYFUNCTION("""COMPUTED_VALUE"""),"PEREMPUAN") -> PEREMPUAN | K48: =IFERROR(__xludf.DUMMYFUNCTION("""COMPUTED_VALUE"""),"Jl. Sangia Kaendea") -> Jl. Sangia Kaendea | N48: =IFERROR(__xludf.DUMMYFUNCTION("""COMPUTED_VALUE"""),"SMA / SMK / MA") -> SMA / SMK / MA | R48: =IFERROR(__xludf.DUMMYFUNCTION("""COMPUTED_VALUE"""),"K") -> K | S48: =IFERROR(__xludf.DUMMYFUNCTION("""COMPUTED_VALUE"""),"Selesai") -> Selesai
A49: 48 | B49: =IFERROR(__xludf.DUMMYFUNCTION("""COMPUTED_VALUE"""),"Menjahit Pakaian Wanita Dewasa") -> Menjahit Pakaian Wanita Dewasa | C49: =IFERROR(__xludf.DUMMYFUNCTION("""COMPUTED_VALUE"""),"SMK Negeri 3 Muna") -> SMK Negeri 3 Muna | F49: =IFERROR(__xludf.DUMMYFUNCTION("""COMPUTED_VALUE"""),"CINTA ZAHRANI") -> CINTA ZAHRANI | G49: =IFERROR(__xludf.DUMMYFUNCTION("""COMPUTED_VALUE"""),"7403176907080001") -> 7403176907080001 | J49: =IFERROR(__xludf.DUMMYFUNCTION("""COMPUTED_VALUE"""),"PEREMPUAN") -> PEREMPUAN | N49: =IFERROR(__xludf.DUMMYFUNCTION("""COMPUTED_VALUE"""),"SMA / SMK / MA") -> SMA / SMK / MA | R49: =IFERROR(__xludf.DUMMYFUNCTION("""COMPUTED_VALUE"""),"K") -> K | S49: =IFERROR(__xludf.DUMMYFUNCTION("""COMPUTED_VALUE"""),"Selesai") -> Selesai
A50: 49 | B50: =IFERROR(__xludf.DUMMYFUNCTION("""COMPUTED_VALUE"""),"Menjahit Pakaian Wanita Dewasa") -> Menjahit Pakaian Wanita Dewasa | C50: =IFERROR(__xludf.DUMMYFUNCTION("""COMPUTED_VALUE"""),"SMK Negeri 3 Muna") -> SMK Negeri 3 Muna | F50: =IFERROR(__xludf.DUMMYFUNCTION("""COMPUTED_VALUE"""),"CITRA LESTARI") -> CITRA LESTARI | G50: =IFERROR(__xludf.DUMMYFUNCTION("""COMPUTED_VALUE"""),"7403185006080003") -> 7403185006080003 | J50: =IFERROR(__xludf.DUMMYFUNCTION("""COMPUTED_VALUE"""),"PEREMPUAN") -> PEREMPUAN | K50: =IFERROR(__xludf.DUMMYFUNCTION("""COMPUTED_VALUE"""),"Desa Waasa") -> Desa Waasa | N50: =IFERROR(__xludf.DUMMYFUNCTION("""COMPUTED_VALUE"""),"SMA / SMK / MA") -> SMA / SMK / MA | R50: =IFERROR(__xludf.DUMMYFUNCTION("""COMPUTED_VALUE"""),"K") -> K | S50: =IFERROR(__xludf.DUMMYFUNCTION("""COMPUTED_VALUE"""),"Selesai") -> Selesai
A51: 50 | B51: =IFERROR(__xludf.DUMMYFUNCTION("""COMPUTED_VALUE"""),"Menjahit Pakaian Wanita Dewasa") -> Menjahit Pakaian Wanita Dewasa | C51: =IFERROR(__xludf.DUMMYFUNCTION("""COMPUTED_VALUE"""),"SMK Negeri 3 Muna") -> SMK Negeri 3 Muna | F51: =IFERROR(__xludf.DUMMYFUNCTION("""COMPUTED_VALUE"""),"DEBRI HARSINA ANDARI") -> DEBRI HARSINA ANDARI | G51: =IFERROR(__xludf.DUMMYFUNCTION("""COMPUTED_VALUE"""),"7403175310070001") -> 7403175310070001 | J51: =IFERROR(__xludf.DUMMYFUNCTION("""COMPUTED_VALUE"""),"PEREMPUAN") -> PEREMPUAN | K51: =IFERROR(__xludf.DUMMYFUNCTION("""COMPUTED_VALUE"""),"GHONSUME, KEC. DURUKA") -> GHONSUME, KEC. DURUKA | N51: =IFERROR(__xludf.DUMMYFUNCTION("""COMPUTED_VALUE"""),"SMA / SMK / MA") -> SMA / SMK / MA | R51: =IFERROR(__xludf.DUMMYFUNCTION("""COMPUTED_VALUE"""),"K") -> K | S51: =IFERROR(__xludf.DUMMYFUNCTION("""COMPUTED_VALUE"""),"Selesai") -> Selesai
A52: 51 | B52: =IFERROR(__xludf.DUMMYFUNCTION("""COMPUTED_VALUE"""),"Menjahit Pakaian Wanita Dewasa") -> Menjahit Pakaian Wanita Dewasa | C52: =IFERROR(__xludf.DUMMYFUNCTION("""COMPUTED_VALUE"""),"SMK Negeri 3 Muna") -> SMK Negeri 3 Muna | F52: =IFERROR(__xludf.DUMMYFUNCTION("""COMPUTED_VALUE"""),"DEWI YUNIARSIH") -> DEWI YUNIARSIH | G52: =IFERROR(__xludf.DUMMYFUNCTION("""COMPUTED_VALUE"""),"7403145906080002") -> 7403145906080002 | J52: =IFERROR(__xludf.DUMMYFUNCTION("""COMPUTED_VALUE"""),"PEREMPUAN") -> PEREMPUAN | K52: =IFERROR(__xludf.DUMMYFUNCTION("""COMPUTED_VALUE"""),"Desa Lohia") -> Desa Lohia | N52: =IFERROR(__xludf.DUMMYFUNCTION("""COMPUTED_VALUE"""),"SMA / SMK / MA") -> SMA / SMK / MA | R52: =IFERROR(__xludf.DUMMYFUNCTION("""COMPUTED_VALUE"""),"K") -> K | S52: =IFERROR(__xludf.DUMMYFUNCTION("""COMPUTED_VALUE"""),"Selesai") -> Selesai
A53: 52 | B53: =IFERROR(__xludf.DUMMYFUNCTION("""COMPUTED_VALUE"""),"Menjahit Pakaian Wanita Dewasa") -> Menjahit Pakaian Wanita Dewasa | C53: =IFERROR(__xludf.DUMMYFUNCTION("""COMPUTED_VALUE"""),"SMK Negeri 3 Muna") -> SMK Negeri 3 Muna | F53: =IFERROR(__xludf.DUMMYFUNCTION("""COMPUTED_VALUE"""),"DIFA RAHAYU") -> DIFA RAHAYU | G53: =IFERROR(__xludf.DUMMYFUNCTION("""COMPUTED_VALUE"""),"7403124202080001") -> 7403124202080001 | J53: =IFERROR(__xludf.DUMMYFUNCTION("""COMPUTED_VALUE"""),"PEREMPUAN") -> PEREMPUAN | K53: =IFERROR(__xludf.DUMMYFUNCTION("""COMPUTED_VALUE"""),"Jl. Wirabuana, Desa Wakorambu") -> Jl. Wirabuana, Desa Wakorambu | N53: =IFERROR(__xludf.DUMMYFUNCTION("""COMPUTED_VALUE"""),"SMA / SMK / MA") -> SMA / SMK / MA | R53: =IFERROR(__xludf.DUMMYFUNCTION("""COMPUTED_VALUE"""),"K") -> K | S53: =IFERROR(__xludf.DUMMYFUNCTION("""COMPUTED_VALUE"""),"Selesai") -> Selesai
A54: 53 | B54: =IFERROR(__xludf.DUMMYFUNCTION("""COMPUTED_VALUE"""),"Menjahit Pakaian Wanita Dewasa") -> Menjahit Pakaian Wanita Dewasa | C54: =IFERROR(__xludf.DUMMYFUNCTION("""COMPUTED_VALUE"""),"SMK Negeri 3 Muna") -> SMK Negeri 3 Muna | F54: =IFERROR(__xludf.DUMMYFUNCTION("""COMPUTED_VALUE"""),"DITA WATI") -> DITA WATI | G54: =IFERROR(__xludf.DUMMYFUNCTION("""COMPUTED_VALUE"""),"7403147003070201") -> 7403147003070201 | J54: =IFERROR(__xludf.DUMMYFUNCTION("""COMPUTED_VALUE"""),"PEREMPUAN") -> PEREMPUAN | K54: =IFERROR(__xludf.DUMMYFUNCTION("""COMPUTED_VALUE"""),"Desa Bangkaii") -> Desa Bangkaii | N54: =IFERROR(__xludf.DUMMYFUNCTION("""COMPUTED_VALUE"""),"SMA / SMK / MA") -> SMA / SMK / MA | R54: =IFERROR(__xludf.DUMMYFUNCTION("""COMPUTED_VALUE"""),"K") -> K | S54: =IFERROR(__xludf.DUMMYFUNCTION("""COMPUTED_VALUE"""),"Selesai") -> Selesai
A55: 54 | B55: =IFERROR(__xludf.DUMMYFUNCTION("""COMPUTED_VALUE"""),"Menjahit Pakaian Wanita Dewasa") -> Menjahit Pakaian Wanita Dewasa | C55: =IFERROR(__xludf.DUMMYFUNCTION("""COMPUTED_VALUE"""),"SMK Negeri 3 Muna") -> SMK Negeri 3 Muna | F55: =IFERROR(__xludf.DUMMYFUNCTION("""COMPUTED_VALUE"""),"DHODI PRADITA") -> DHODI PRADITA | G55: =IFERROR(__xludf.DUMMYFUNCTION("""COMPUTED_VALUE"""),"7403161405080003") -> 7403161405080003 | J55: =IFERROR(__xludf.DUMMYFUNCTION("""COMPUTED_VALUE"""),"LAKI-LAKI") -> LAKI-LAKI | K55: =IFERROR(__xludf.DUMMYFUNCTION("""COMPUTED_VALUE"""),"Jl. Tengiri Kel. Wamponiki") -> Jl. Tengiri Kel. Wamponiki | N55: =IFERROR(__xludf.DUMMYFUNCTION("""COMPUTED_VALUE"""),"SMA / SMK / MA") -> SMA / SMK / MA | R55: =IFERROR(__xludf.DUMMYFUNCTION("""COMPUTED_VALUE"""),"K") -> K | S55: =IFERROR(__xludf.DUMMYFUNCTION("""COMPUTED_VALUE"""),"Selesai") -> Selesai
A56: 55 | B56: =IFERROR(__xludf.DUMMYFUNCTION("""COMPUTED_VALUE"""),"Menjahit Pakaian Wanita Dewasa") -> Menjahit Pakaian Wanita Dewasa | C56: =IFERROR(__xludf.DUMMYFUNCTION("""COMPUTED_VALUE"""),"SMK Negeri 3 Muna") -> SMK Negeri 3 Muna | F56: =IFERROR(__xludf.DUMMYFUNCTION("""COMPUTED_VALUE"""),"ELIN") -> ELIN | G56: =IFERROR(__xludf.DUMMYFUNCTION("""COMPUTED_VALUE"""),"7403184311080002") -> 7403184311080002 | J56: =IFERROR(__xludf.DUMMYFUNCTION("""COMPUTED_VALUE"""),"PEREMPUAN") -> PEREMPUAN | K56: =IFERROR(__xludf.DUMMYFUNCTION("""COMPUTED_VALUE"""),"Desa Loghiya") -> Desa Loghiya | N56: =IFERROR(__xludf.DUMMYFUNCTION("""COMPUTED_VALUE"""),"SMA / SMK / MA") -> SMA / SMK / MA | R56: =IFERROR(__xludf.DUMMYFUNCTION("""COMPUTED_VALUE"""),"K") -> K | S56: =IFERROR(__xludf.DUMMYFUNCTION("""COMPUTED_VALUE"""),"Selesai") -> Selesai
A57: 56 | B57: =IFERROR(__xludf.DUMMYFUNCTION("""COMPUTED_VALUE"""),"Menjahit Pakaian Wanita Dewasa") -> Menjahit Pakaian Wanita Dewasa | C57: =IFERROR(__xludf.DUMMYFUNCTION("""COMPUTED_VALUE"""),"SMK Negeri 3 Muna") -> SMK Negeri 3 Muna | F57: =IFERROR(__xludf.DUMMYFUNCTION("""COMPUTED_VALUE"""),"FIKA") -> FIKA | G57: =IFERROR(__xludf.DUMMYFUNCTION("""COMPUTED_VALUE"""),"7403144107070223") -> 7403144107070223 | J57: =IFERROR(__xludf.DUMMYFUNCTION("""COMPUTED_VALUE"""),"PEREMPUAN") -> PEREMPUAN | K57: =IFERROR(__xludf.DUMMYFUNCTION("""COMPUTED_VALUE"""),"Desa Bangkali") -> Desa Bangkali | N57: =IFERROR(__xludf.DUMMYFUNCTION("""COMPUTED_VALUE"""),"SMA / SMK / MA") -> SMA / SMK / MA | R57: =IFERROR(__xludf.DUMMYFUNCTION("""COMPUTED_VALUE"""),"K") -> K | S57: =IFERROR(__xludf.DUMMYFUNCTION("""COMPUTED_VALUE"""),"Selesai") -> Selesai
A58: 57 | B58: =IFERROR(__xludf.DUMMYFUNCTION("""COMPUTED_VALUE"""),"Menjahit Pakaian Wanita Dewasa") -> Menjahit Pakaian Wanita Dewasa | C58: =IFERROR(__xludf.DUMMYFUNCTION("""COMPUTED_VALUE"""),"SMK Negeri 3 Muna") -> SMK Negeri 3 Muna | F58: =IFERROR(__xludf.DUMMYFUNCTION("""COMPUTED_VALUE"""),"HENI SAPUTRI") -> HENI SAPUTRI | G58: =IFERROR(__xludf.DUMMYFUNCTION("""COMPUTED_VALUE"""),"7403156807080001") -> 7403156807080001 | J58: =IFERROR(__xludf.DUMMYFUNCTION("""COMPUTED_VALUE"""),"PEREMPUAN") -> PEREMPUAN | K58: =IFERROR(__xludf.DUMMYFUNCTION("""COMPUTED_VALUE"""),"jalan Made Sabara") -> jalan Made Sabara | N58: =IFERROR(__xludf.DUMMYFUNCTION("""COMPUTED_VALUE"""),"SMA / SMK / MA") -> SMA / SMK / MA | R58: =IFERROR(__xludf.DUMMYFUNCTION("""COMPUTED_VALUE"""),"K") -> K | S58: =IFERROR(__xludf.DUMMYFUNCTION("""COMPUTED_VALUE"""),"Selesai") -> Selesai
A59: 58 | B59: =IFERROR(__xludf.DUMMYFUNCTION("""COMPUTED_VALUE"""),"Menjahit Pakaian Wanita Dewasa") -> Menjahit Pakaian Wanita Dewasa | C59: =IFERROR(__xludf.DUMMYFUNCTION("""COMPUTED_VALUE"""),"SMK Negeri 3 Muna") -> SMK Negeri 3 Muna | F59: =IFERROR(__xludf.DUMMYFUNCTION("""COMPUTED_VALUE"""),"HIKMA WATI") -> HIKMA WATI | G59: =IFERROR(__xludf.DUMMYFUNCTION("""COMPUTED_VALUE"""),"7403156308090001") -> 7403156308090001 | J59: =IFERROR(__xludf.DUMMYFUNCTION("""COMPUTED_VALUE"""),"PEREMPUAN") -> PEREMPUAN | K59: =IFERROR(__xludf.DUMMYFUNCTION("""COMPUTED_VALUE"""),"Jl. Wirabuana, Desa Wawesa") -> Jl. Wirabuana, Desa Wawesa | N59: =IFERROR(__xludf.DUMMYFUNCTION("""COMPUTED_VALUE"""),"SMA / SMK / MA") -> SMA / SMK / MA | R59: =IFERROR(__xludf.DUMMYFUNCTION("""COMPUTED_VALUE"""),"K") -> K | S59: =IFERROR(__xludf.DUMMYFUNCTION("""COMPUTED_VALUE"""),"Selesai") -> Selesai
A60: 59 | B60: =IFERROR(__xludf.DUMMYFUNCTION("""COMPUTED_VALUE"""),"Menjahit Pakaian Wanita Dewasa") -> Menjahit Pakaian Wanita Dewasa | C60: =IFERROR(__xludf.DUMMYFUNCTION("""COMPUTED_VALUE"""),"SMK Negeri 3 Muna") -> SMK Negeri 3 Muna | F60: =IFERROR(__xludf.DUMMYFUNCTION("""COMPUTED_VALUE"""),"INDAH") -> INDAH | G60: =IFERROR(__xludf.DUMMYFUNCTION("""COMPUTED_VALUE"""),"7403287101090001") -> 7403287101090001 | J60: =IFERROR(__xludf.DUMMYFUNCTION("""COMPUTED_VALUE"""),"PEREMPUAN") -> PEREMPUAN | K60: =IFERROR(__xludf.DUMMYFUNCTION("""COMPUTED_VALUE"""),"Jalan Lumba-Lumba Lorong Sinarlas ") -> Jalan Lumba-Lumba Lorong Sinarlas | N60: =IFERROR(__xludf.DUMMYFUNCTION("""COMPUTED_VALUE"""),"SMA / SMK / MA") -> SMA / SMK / MA | R60: =IFERROR(__xludf.DUMMYFUNCTION("""COMPUTED_VALUE"""),"K") -> K | S60: =IFERROR(__xludf.DUMMYFUNCTION("""COMPUTED_VALUE"""),"Selesai") -> Selesai
A61: 60 | B61: =IFERROR(__xludf.DUMMYFUNCTION("""COMPUTED_VALUE"""),"Menjahit Pakaian Wanita Dewasa") -> Menjahit Pakaian Wanita Dewasa | C61: =IFERROR(__xludf.DUMMYFUNCTION("""COMPUTED_VALUE"""),"SMK Negeri 3 Muna") -> SMK Negeri 3 Muna | F61: =IFERROR(__xludf.DUMMYFUNCTION("""COMPUTED_VALUE"""),"IZAT") -> IZAT | G61: =IFERROR(__xludf.DUMMYFUNCTION("""COMPUTED_VALUE"""),"7403163112080001") -> 7403163112080001 | J61: =IFERROR(__xludf.DUMMYFUNCTION("""COMPUTED_VALUE"""),"LAKI-LAKI") -> LAKI-LAKI | K61: =IFERROR(__xludf.DUMMYFUNCTION("""COMPUTED_VALUE"""),"Jl. Madesabara") -> Jl. Madesabara | N61: =IFERROR(__xludf.DUMMYFUNCTION("""COMPUTED_VALUE"""),"SMA / SMK / MA") -> SMA / SMK / MA | R61: =IFERROR(__xludf.DUMMYFUNCTION("""COMPUTED_VALUE"""),"K") -> K | S61: =IFERROR(__xludf.DUMMYFUNCTION("""COMPUTED_VALUE"""),"Selesai") -> Selesai
A62: 61 | B62: =IFERROR(__xludf.DUMMYFUNCTION("""COMPUTED_VALUE"""),"Menjahit Pakaian Wanita Dewasa") -> Menjahit Pakaian Wanita Dewasa | C62: =IFERROR(__xludf.DUMMYFUNCTION("""COMPUTED_VALUE"""),"SMK Negeri 3 Muna") -> SMK Negeri 3 Muna | F62: =IFERROR(__xludf.DUMMYFUNCTION("""COMPUTED_VALUE"""),"JENI PRISCILIA NATALIA SAKALAU") -> JENI PRISCILIA NATALIA SAKALAU | G62: =IFERROR(__xludf.DUMMYFUNCTION("""COMPUTED_VALUE"""),"7403175501080001") -> 7403175501080001 | J62: =IFERROR(__xludf.DUMMYFUNCTION("""COMPUTED_VALUE"""),"PEREMPUAN") -> PEREMPUAN | K62: =IFERROR(__xludf.DUMMYFUNCTION("""COMPUTED_VALUE"""),"Ghone Balano") -> Ghone Balano | N62: =IFERROR(__xludf.DUMMYFUNCTION("""COMPUTED_VALUE"""),"SMA / SMK / MA") -> SMA / SMK / MA | R62: =IFERROR(__xludf.DUMMYFUNCTION("""COMPUTED_VALUE"""),"K") -> K | S62: =IFERROR(__xludf.DUMMYFUNCTION("""COMPUTED_VALUE"""),"Selesai") -> Selesai
A63: 62 | B63: =IFERROR(__xludf.DUMMYFUNCTION("""COMPUTED_VALUE"""),"Menjahit Pakaian Wanita Dewasa") -> Menjahit Pakaian Wanita Dewasa | C63: =IFERROR(__xludf.DUMMYFUNCTION("""COMPUTED_VALUE"""),"SMK Negeri 3 Muna") -> SMK Negeri 3 Muna | F63: =IFERROR(__xludf.DUMMYFUNCTION("""COMPUTED_VALUE"""),"MARIANA") -> MARIANA | G63: =IFERROR(__xludf.DUMMYFUNCTION("""COMPUTED_VALUE"""),"7403096703070001") -> 7403096703070001 | J63: =IFERROR(__xludf.DUMMYFUNCTION("""COMPUTED_VALUE"""),"PEREMPUAN") -> PEREMPUAN | K63: =IFERROR(__xludf.DUMMYFUNCTION("""COMPUTED_VALUE"""),"Desa Kombogo") -> Desa Kombogo | N63: =IFERROR(__xludf.DUMMYFUNCTION("""COMPUTED_VALUE"""),"SMA / SMK / MA") -> SMA / SMK / MA | R63: =IFERROR(__xludf.DUMMYFUNCTION("""COMPUTED_VALUE"""),"K") -> K | S63: =IFERROR(__xludf.DUMMYFUNCTION("""COMPUTED_VALUE"""),"Selesai") -> Selesai
A64: 63 | B64: =IFERROR(__xludf.DUMMYFUNCTION("""COMPUTED_VALUE"""),"Menjahit Pakaian Wanita Dewasa") -> Menjahit Pakaian Wanita Dewasa | C64: =IFERROR(__xludf.DUMMYFUNCTION("""COMPUTED_VALUE"""),"SMK Negeri 3 Muna") -> SMK Negeri 3 Muna | F64: =IFERROR(__xludf.DUMMYFUNCTION("""COMPUTED_VALUE"""),"MARSELLA") -> MARSELLA | G64: =IFERROR(__xludf.DUMMYFUNCTION("""COMPUTED_VALUE"""),"7403185808080001") -> 7403185808080001 | J64: =IFERROR(__xludf.DUMMYFUNCTION("""COMPUTED_VALUE"""),"PEREMPUAN") -> PEREMPUAN | K64: =IFERROR(__xludf.DUMMYFUNCTION("""COMPUTED_VALUE"""),"Desa Mabulo") -> Desa Mabulo | N64: =IFERROR(__xludf.DUMMYFUNCTION("""COMPUTED_VALUE"""),"SMA / SMK / MA") -> SMA / SMK / MA | R64: =IFERROR(__xludf.DUMMYFUNCTION("""COMPUTED_VALUE"""),"K") -> K | S64: =IFERROR(__xludf.DUMMYFUNCTION("""COMPUTED_VALUE"""),"Selesai") -> Selesai
A65: 64 | B65: =IFERROR(__xludf.DUMMYFUNCTION("""COMPUTED_VALUE"""),"Menjahit Pakaian Wanita Dewasa") -> Menjahit Pakaian Wanita Dewasa | C65: =IFERROR(__xludf.DUMMYFUNCTION("""COMPUTED_VALUE"""),"SMK Negeri 3 Muna") -> SMK Negeri 3 Muna | F65: =IFERROR(__xludf.DUMMYFUNCTION("""COMPUTED_VALUE"""),"MARSI") -> MARSI | G65: =IFERROR(__xludf.DUMMYFUNCTION("""COMPUTED_VALUE"""),"7403064208070201") -> 7403064208070201 | J65: =IFERROR(__xludf.DUMMYFUNCTION("""COMPUTED_VALUE"""),"PEREMPUAN") -> PEREMPUAN | K65: =IFERROR(__xludf.DUMMYFUNCTION("""COMPUTED_VALUE"""),"Desa Lambiku") -> Desa Lambiku | N65: =IFERROR(__xludf.DUMMYFUNCTION("""COMPUTED_VALUE"""),"SMA / SMK / MA") -> SMA / SMK / MA | R65: =IFERROR(__xludf.DUMMYFUNCTION("""COMPUTED_VALUE"""),"K") -> K | S65: =IFERROR(__xludf.DUMMYFUNCTION("""COMPUTED_VALUE"""),"Selesai") -> Selesai
A66: 65 | B66: =IFERROR(__xludf.DUMMYFUNCTION("""COMPUTED_VALUE"""),"Menjahit Pakaian Wanita Dewasa") -> Menjahit Pakaian Wanita Dewasa | C66: =IFERROR(__xludf.DUMMYFUNCTION("""COMPUTED_VALUE"""),"SMK Negeri 3 Muna") -> SMK Negeri 3 Muna | F66: =IFERROR(__xludf.DUMMYFUNCTION("""COMPUTED_VALUE"""),"MARWA ALFARISA") -> MARWA ALFARISA | G66: =IFERROR(__xludf.DUMMYFUNCTION("""COMPUTED_VALUE"""),"7403147005080001") -> 7403147005080001 | J66: =IFERROR(__xludf.DUMMYFUNCTION("""COMPUTED_VALUE"""),"PEREMPUAN") -> PEREMPUAN | K66: =IFERROR(__xludf.DUMMYFUNCTION("""COMPUTED_VALUE"""),"Desa Bangunsari") -> Desa Bangunsari | N66: =IFERROR(__xludf.DUMMYFUNCTION("""COMPUTED_VALUE"""),"SMA / SMK / MA") -> SMA / SMK / MA | R66: =IFERROR(__xludf.DUMMYFUNCTION("""COMPUTED_VALUE"""),"K") -> K | S66: =IFERROR(__xludf.DUMMYFUNCTION("""COMPUTED_VALUE"""),"Selesai") -> Selesai
A67: 66 | B67: =IFERROR(__xludf.DUMMYFUNCTION("""COMPUTED_VALUE"""),"Menjahit Pakaian Wanita Dewasa") -> Menjahit Pakaian Wanita Dewasa | C67: =IFERROR(__xludf.DUMMYFUNCTION("""COMPUTED_VALUE"""),"SMK Negeri 3 Muna") -> SMK Negeri 3 Muna | F67: =IFERROR(__xludf.DUMMYFUNCTION("""COMPUTED_VALUE"""),"MAWAR FADILAH") -> MAWAR FADILAH | G67: =IFERROR(__xludf.DUMMYFUNCTION("""COMPUTED_VALUE"""),"7403184902080001") -> 7403184902080001 | J67: =IFERROR(__xludf.DUMMYFUNCTION("""COMPUTED_VALUE"""),"PEREMPUAN") -> PEREMPUAN | K67: =IFERROR(__xludf.DUMMYFUNCTION("""COMPUTED_VALUE"""),"Desa Mabolu") -> Desa Mabolu | N67: =IFERROR(__xludf.DUMMYFUNCTION("""COMPUTED_VALUE"""),"SMA / SMK / MA") -> SMA / SMK / MA | R67: =IFERROR(__xludf.DUMMYFUNCTION("""COMPUTED_VALUE"""),"K") -> K | S67: =IFERROR(__xludf.DUMMYFUNCTION("""COMPUTED_VALUE"""),"Selesai") -> Selesai
A68: 67 | B68: =IFERROR(__xludf.DUMMYFUNCTION("""COMPUTED_VALUE"""),"Menjahit Pakaian Wanita Dewasa") -> Menjahit Pakaian Wanita Dewasa | C68: =IFERROR(__xludf.DUMMYFUNCTION("""COMPUTED_VALUE"""),"SMK Negeri 3 Muna") -> SMK Negeri 3 Muna | F68: =IFERROR(__xludf.DUMMYFUNCTION("""COMPUTED_VALUE"""),"MELANI") -> MELANI | G68: =IFERROR(__xludf.DUMMYFUNCTION("""COMPUTED_VALUE"""),"7403154404080001") -> 7403154404080001 | J68: =IFERROR(__xludf.DUMMYFUNCTION("""COMPUTED_VALUE"""),"PEREMPUAN") -> PEREMPUAN | K68: =IFERROR(__xludf.DUMMYFUNCTION("""COMPUTED_VALUE"""),"Jalan Lumba-Lumba") -> Jalan Lumba-Lumba | N68: =IFERROR(__xludf.DUMMYFUNCTION("""COMPUTED_VALUE"""),"SMA / SMK / MA") -> SMA / SMK / MA | R68: =IFERROR(__xludf.DUMMYFUNCTION("""COMPUTED_VALUE"""),"K") -> K | S68: =IFERROR(__xludf.DUMMYFUNCTION("""COMPUTED_VALUE"""),"Selesai") -> Selesai
A69: 68 | B69: =IFERROR(__xludf.DUMMYFUNCTION("""COMPUTED_VALUE"""),"Menjahit Pakaian Wanita Dewasa") -> Menjahit Pakaian Wanita Dewasa | C69: =IFERROR(__xludf.DUMMYFUNCTION("""COMPUTED_VALUE"""),"SMK Negeri 3 Muna") -> SMK Negeri 3 Muna | F69: =IFERROR(__xludf.DUMMYFUNCTION("""COMPUTED_VALUE"""),"MULIANI") -> MULIANI | G69: =IFERROR(__xludf.DUMMYFUNCTION("""COMPUTED_VALUE"""),"7403174106080002") -> 7403174106080002 | J69: =IFERROR(__xludf.DUMMYFUNCTION("""COMPUTED_VALUE"""),"PEREMPUAN") -> PEREMPUAN | K69: =IFERROR(__xludf.DUMMYFUNCTION("""COMPUTED_VALUE"""),"Desa Gone Balane") -> Desa Gone Balane | N69: =IFERROR(__xludf.DUMMYFUNCTION("""COMPUTED_VALUE"""),"SMA / SMK / MA") -> SMA / SMK / MA | R69: =IFERROR(__xludf.DUMMYFUNCTION("""COMPUTED_VALUE"""),"K") -> K | S69: =IFERROR(__xludf.DUMMYFUNCTION("""COMPUTED_VALUE"""),"Selesai") -> Selesai
A70: 69 | B70: =IFERROR(__xludf.DUMMYFUNCTION("""COMPUTED_VALUE"""),"Menjahit Pakaian Wanita Dewasa") -> Menjahit Pakaian Wanita Dewasa | C70: =IFERROR(__xludf.DUMMYFUNCTION("""COMPUTED_VALUE"""),"SMK Negeri 3 Muna") -> SMK Negeri 3 Muna | F70: =IFERROR(__xludf.DUMMYFUNCTION("""COMPUTED_VALUE"""),"MURATI") -> MURATI | G70: =IFERROR(__xludf.DUMMYFUNCTION("""COMPUTED_VALUE"""),"7403094707070201") -> 7403094707070201 | J70: =IFERROR(__xludf.DUMMYFUNCTION("""COMPUTED_VALUE"""),"PEREMPUAN") -> PEREMPUAN | K70: =IFERROR(__xludf.DUMMYFUNCTION("""COMPUTED_VALUE"""),"Desa Lasalepa") -> Desa Lasalepa | N70: =IFERROR(__xludf.DUMMYFUNCTION("""COMPUTED_VALUE"""),"SMA / SMK / MA") -> SMA / SMK / MA | R70: =IFERROR(__xludf.DUMMYFUNCTION("""COMPUTED_VALUE"""),"K") -> K | S70: =IFERROR(__xludf.DUMMYFUNCTION("""COMPUTED_VALUE"""),"Selesai") -> Selesai
A71: 70 | B71: =IFERROR(__xludf.DUMMYFUNCTION("""COMPUTED_VALUE"""),"Menjahit Pakaian Wanita Dewasa") -> Menjahit Pakaian Wanita Dewasa | C71: =IFERROR(__xludf.DUMMYFUNCTION("""COMPUTED_VALUE"""),"SMK Negeri 3 Muna") -> SMK Negeri 3 Muna | F71: =IFERROR(__xludf.DUMMYFUNCTION("""COMPUTED_VALUE"""),"MUSFIRA") -> MUSFIRA | G71: =IFERROR(__xludf.DUMMYFUNCTION("""COMPUTED_VALUE"""),"7403104203090002") -> 7403104203090002 | J71: =IFERROR(__xludf.DUMMYFUNCTION("""COMPUTED_VALUE"""),"PEREMPUAN") -> PEREMPUAN | K71: =IFERROR(__xludf.DUMMYFUNCTION("""COMPUTED_VALUE"""),"Jl. Wirabuana Desa Wawesa") -> Jl. Wirabuana Desa Wawesa | N71: =IFERROR(__xludf.DUMMYFUNCTION("""COMPUTED_VALUE"""),"SMA / SMK / MA") -> SMA / SMK / MA | R71: =IFERROR(__xludf.DUMMYFUNCTION("""COMPUTED_VALUE"""),"K") -> K | S71: =IFERROR(__xludf.DUMMYFUNCTION("""COMPUTED_VALUE"""),"Selesai") -> Selesai
A72: 71 | B72: =IFERROR(__xludf.DUMMYFUNCTION("""COMPUTED_VALUE"""),"Menjahit Pakaian Wanita Dewasa") -> Menjahit Pakaian Wanita Dewasa | C72: =IFERROR(__xludf.DUMMYFUNCTION("""COMPUTED_VALUE"""),"SMK Negeri 3 Muna") -> SMK Negeri 3 Muna | F72: =IFERROR(__xludf.DUMMYFUNCTION("""COMPUTED_VALUE"""),"NATASYA") -> NATASYA | G72: =IFERROR(__xludf.DUMMYFUNCTION("""COMPUTED_VALUE"""),"7403116010080001") -> 7403116010080001 | J72: =IFERROR(__xludf.DUMMYFUNCTION("""COMPUTED_VALUE"""),"PEREMPUAN") -> PEREMPUAN | K72: =IFERROR(__xludf.DUMMYFUNCTION("""COMPUTED_VALUE"""),"Jln. S Gol Daria") -> Jln. S Gol Daria | N72: =IFERROR(__xludf.DUMMYFUNCTION("""COMPUTED_VALUE"""),"SMA / SMK / MA") -> SMA / SMK / MA | R72: =IFERROR(__xludf.DUMMYFUNCTION("""COMPUTED_VALUE"""),"K") -> K | S72: =IFERROR(__xludf.DUMMYFUNCTION("""COMPUTED_VALUE"""),"Selesai") -> Selesai
A73: 72 | B73: =IFERROR(__xludf.DUMMYFUNCTION("""COMPUTED_VALUE"""),"Menjahit Pakaian Wanita Dewasa") -> Menjahit Pakaian Wanita Dewasa | C73: =IFERROR(__xludf.DUMMYFUNCTION("""COMPUTED_VALUE"""),"SMK Negeri 3 Muna") -> SMK Negeri 3 Muna | F73: =IFERROR(__xludf.DUMMYFUNCTION("""COMPUTED_VALUE"""),"NENI TRIANINGSIH") -> NENI TRIANINGSIH | G73: =IFERROR(__xludf.DUMMYFUNCTION("""COMPUTED_VALUE"""),"7403135005060201") -> 7403135005060201 | J73: =IFERROR(__xludf.DUMMYFUNCTION("""COMPUTED_VALUE"""),"PEREMPUAN") -> PEREMPUAN | K73: =IFERROR(__xludf.DUMMYFUNCTION("""COMPUTED_VALUE"""),"Kelurahan Waara Kecamatan Lohia") -> Kelurahan Waara Kecamatan Lohia | N73: =IFERROR(__xludf.DUMMYFUNCTION("""COMPUTED_VALUE"""),"SMA / SMK / MA") -> SMA / SMK / MA | R73: =IFERROR(__xludf.DUMMYFUNCTION("""COMPUTED_VALUE"""),"K") -> K | S73: =IFERROR(__xludf.DUMMYFUNCTION("""COMPUTED_VALUE"""),"Selesai") -> Selesai
A74: 73 | B74: =IFERROR(__xludf.DUMMYFUNCTION("""COMPUTED_VALUE"""),"Menjahit Pakaian Wanita Dewasa") -> Menjahit Pakaian Wanita Dewasa | C74: =IFERROR(__xludf.DUMMYFUNCTION("""COMPUTED_VALUE"""),"SMK Negeri 3 Muna") -> SMK Negeri 3 Muna | F74: =IFERROR(__xludf.DUMMYFUNCTION("""COMPUTED_VALUE"""),"NITA ARSINTA") -> NITA ARSINTA | G74: =IFERROR(__xludf.DUMMYFUNCTION("""COMPUTED_VALUE"""),"7403204404080001") -> 7403204404080001 | J74: =IFERROR(__xludf.DUMMYFUNCTION("""COMPUTED_VALUE"""),"PEREMPUAN") -> PEREMPUAN | K74: =IFERROR(__xludf.DUMMYFUNCTION("""COMPUTED_VALUE"""),"Desa Mabolu") -> Desa Mabolu | N74: =IFERROR(__xludf.DUMMYFUNCTION("""COMPUTED_VALUE"""),"SMA / SMK / MA") -> SMA / SMK / MA | R74: =IFERROR(__xludf.DUMMYFUNCTION("""COMPUTED_VALUE"""),"K") -> K | S74: =IFERROR(__xludf.DUMMYFUNCTION("""COMPUTED_VALUE"""),"Selesai") -> Selesai
A75: 74 | B75: =IFERROR(__xludf.DUMMYFUNCTION("""COMPUTED_VALUE"""),"Menjahit Pakaian Wanita Dewasa") -> Menjahit Pakaian Wanita Dewasa | C75: =IFERROR(__xludf.DUMMYFUNCTION("""COMPUTED_VALUE"""),"SMK Negeri 3 Muna") -> SMK Negeri 3 Muna | F75: =IFERROR(__xludf.DUMMYFUNCTION("""COMPUTED_VALUE"""),"NUNIQ AQYLA") -> NUNIQ AQYLA | G75: =IFERROR(__xludf.DUMMYFUNCTION("""COMPUTED_VALUE"""),"7403156411090001") -> 7403156411090001 | J75: =IFERROR(__xludf.DUMMYFUNCTION("""COMPUTED_VALUE"""),"PEREMPUAN") -> PEREMPUAN | K75: =IFERROR(__xludf.DUMMYFUNCTION("""COMPUTED_VALUE"""),"Jl. Madesabara Lrg. BTN SMAN 1 RAHA") -> Jl. Madesabara Lrg. BTN SMAN 1 RAHA | N75: =IFERROR(__xludf.DUMMYFUNCTION("""COMPUTED_VALUE"""),"SMA / SMK / MA") -> SMA / SMK / MA | R75: =IFERROR(__xludf.DUMMYFUNCTION("""COMPUTED_VALUE"""),"K") -> K | S75: =IFERROR(__xludf.DUMMYFUNCTION("""COMPUTED_VALUE"""),"Selesai") -> Selesai
A76: 75 | B76: =IFERROR(__xludf.DUMMYFUNCTION("""COMPUTED_VALUE"""),"Menjahit Pakaian Wanita Dewasa") -> Menjahit Pakaian Wanita Dewasa | C76: =IFERROR(__xludf.DUMMYFUNCTION("""COMPUTED_VALUE"""),"SMK Negeri 3 Muna") -> SMK Negeri 3 Muna | F76: =IFERROR(__xludf.DUMMYFUNCTION("""COMPUTED_VALUE"""),"NUR CAHAYA") -> NUR CAHAYA | G76: =IFERROR(__xludf.DUMMYFUNCTION("""COMPUTED_VALUE"""),"7403105701080201") -> 7403105701080201 | J76: =IFERROR(__xludf.DUMMYFUNCTION("""COMPUTED_VALUE"""),"PEREMPUAN") -> PEREMPUAN | K76: =IFERROR(__xludf.DUMMYFUNCTION("""COMPUTED_VALUE"""),"Jl. Gambas") -> Jl. Gambas | N76: =IFERROR(__xludf.DUMMYFUNCTION("""COMPUTED_VALUE"""),"SMA / SMK / MA") -> SMA / SMK / MA | R76: =IFERROR(__xludf.DUMMYFUNCTION("""COMPUTED_VALUE"""),"K") -> K | S76: =IFERROR(__xludf.DUMMYFUNCTION("""COMPUTED_VALUE"""),"Selesai") -> Selesai
A77: 76 | B77: =IFERROR(__xludf.DUMMYFUNCTION("""COMPUTED_VALUE"""),"Menjahit Pakaian Wanita Dewasa") -> Menjahit Pakaian Wanita Dewasa | C77: =IFERROR(__xludf.DUMMYFUNCTION("""COMPUTED_VALUE"""),"SMK Negeri 3 Muna") -> SMK Negeri 3 Muna | F77: =IFERROR(__xludf.DUMMYFUNCTION("""COMPUTED_VALUE"""),"PUTRI ROSIMA WATI") -> PUTRI ROSIMA WATI | G77: =IFERROR(__xludf.DUMMYFUNCTION("""COMPUTED_VALUE"""),"7403154201090001") -> 7403154201090001 | J77: =IFERROR(__xludf.DUMMYFUNCTION("""COMPUTED_VALUE"""),"PEREMPUAN") -> PEREMPUAN | K77: =IFERROR(__xludf.DUMMYFUNCTION("""COMPUTED_VALUE"""),"Desa Wawesa") -> Desa Wawesa | N77: =IFERROR(__xludf.DUMMYFUNCTION("""COMPUTED_VALUE"""),"SMA / SMK / MA") -> SMA / SMK / MA | R77: =IFERROR(__xludf.DUMMYFUNCTION("""COMPUTED_VALUE"""),"K") -> K | S77: =IFERROR(__xludf.DUMMYFUNCTION("""COMPUTED_VALUE"""),"Selesai") -> Selesai
A78: 77 | B78: =IFERROR(__xludf.DUMMYFUNCTION("""COMPUTED_VALUE"""),"Menjahit Pakaian Wanita Dewasa") -> Menjahit Pakaian Wanita Dewasa | C78: =IFERROR(__xludf.DUMMYFUNCTION("""COMPUTED_VALUE"""),"SMK Negeri 3 Muna") -> SMK Negeri 3 Muna | F78: =IFERROR(__xludf.DUMMYFUNCTION("""COMPUTED_VALUE"""),"RAHMA KOVIVA") -> RAHMA KOVIVA | G78: =IFERROR(__xludf.DUMMYFUNCTION("""COMPUTED_VALUE"""),"7403115007080001") -> 7403115007080001 | J78: =IFERROR(__xludf.DUMMYFUNCTION("""COMPUTED_VALUE"""),"PEREMPUAN") -> PEREMPUAN | K78: =IFERROR(__xludf.DUMMYFUNCTION("""COMPUTED_VALUE"""),"-") -> - | N78: =IFERROR(__xludf.DUMMYFUNCTION("""COMPUTED_VALUE"""),"SMA / SMK / MA") -> SMA / SMK / MA | R78: =IFERROR(__xludf.DUMMYFUNCTION("""COMPUTED_VALUE"""),"K") -> K | S78: =IFERROR(__xludf.DUMMYFUNCTION("""COMPUTED_VALUE"""),"Selesai") -> Selesai
A79: 78 | B79: =IFERROR(__xludf.DUMMYFUNCTION("""COMPUTED_VALUE"""),"Menjahit Pakaian Wanita Dewasa") -> Menjahit Pakaian Wanita Dewasa | C79: =IFERROR(__xludf.DUMMYFUNCTION("""COMPUTED_VALUE"""),"SMK Negeri 3 Muna") -> SMK Negeri 3 Muna | F79: =IFERROR(__xludf.DUMMYFUNCTION("""COMPUTED_VALUE"""),"REZKY PURNAMA") -> REZKY PURNAMA | G79: =IFERROR(__xludf.DUMMYFUNCTION("""COMPUTED_VALUE"""),"7403155906080001") -> 7403155906080001 | J79: =IFERROR(__xludf.DUMMYFUNCTION("""COMPUTED_VALUE"""),"PEREMPUAN") -> PEREMPUAN | K79: =IFERROR(__xludf.DUMMYFUNCTION("""COMPUTED_VALUE"""),"Jalan Made Sabara") -> Jalan Made Sabara | N79: =IFERROR(__xludf.DUMMYFUNCTION("""COMPUTED_VALUE"""),"SMA / SMK / MA") -> SMA / SMK / MA | R79: =IFERROR(__xludf.DUMMYFUNCTION("""COMPUTED_VALUE"""),"K") -> K | S79: =IFERROR(__xludf.DUMMYFUNCTION("""COMPUTED_VALUE"""),"Selesai") -> Selesai
A80: 79 | B80: =IFERROR(__xludf.DUMMYFUNCTION("""COMPUTED_VALUE"""),"Menjahit Pakaian Wanita Dewasa") -> Menjahit Pakaian Wanita Dewasa | C80: =IFERROR(__xludf.DUMMYFUNCTION("""COMPUTED_VALUE"""),"SMK Negeri 3 Muna") -> SMK Negeri 3 Muna | F80: =IFERROR(__xludf.DUMMYFUNCTION("""COMPUTED_VALUE"""),"SALSABILA") -> SALSABILA | G80: =IFERROR(__xludf.DUMMYFUNCTION("""COMPUTED_VALUE"""),"7403186110080001") -> 7403186110080001 | J80: =IFERROR(__xludf.DUMMYFUNCTION("""COMPUTED_VALUE"""),"PEREMPUAN") -> PEREMPUAN | K80: =IFERROR(__xludf.DUMMYFUNCTION("""COMPUTED_VALUE"""),"Desa Lohia") -> Desa Lohia | N80: =IFERROR(__xludf.DUMMYFUNCTION("""COMPUTED_VALUE"""),"SMA / SMK / MA") -> SMA / SMK / MA | R80: =IFERROR(__xludf.DUMMYFUNCTION("""COMPUTED_VALUE"""),"K") -> K | S80: =IFERROR(__xludf.DUMMYFUNCTION("""COMPUTED_VALUE"""),"Selesai") -> Selesai
A81: 80 | B81: =IFERROR(__xludf.DUMMYFUNCTION("""COMPUTED_VALUE"""),"Menjahit Pakaian Wanita Dewasa") -> Menjahit Pakaian Wanita Dewasa | C81: =IFERROR(__xludf.DUMMYFUNCTION("""COMPUTED_VALUE"""),"SMK Negeri 3 Muna") -> SMK Negeri 3 Muna | F81: =IFERROR(__xludf.DUMMYFUNCTION("""COMPUTED_VALUE"""),"SALWATI") -> SALWATI | G81: =IFERROR(__xludf.DUMMYFUNCTION("""COMPUTED_VALUE"""),"7403065205070001") -> 7403065205070001 | J81: =IFERROR(__xludf.DUMMYFUNCTION("""COMPUTED_VALUE"""),"PEREMPUAN") -> PEREMPUAN | K81: =IFERROR(__xludf.DUMMYFUNCTION("""COMPUTED_VALUE"""),"Desa Napalakuria") -> Desa Napalakuria | N81: =IFERROR(__xludf.DUMMYFUNCTION("""COMPUTED_VALUE"""),"SMA / SMK / MA") -> SMA / SMK / MA | R81: =IFERROR(__xludf.DUMMYFUNCTION("""COMPUTED_VALUE"""),"K") -> K | S81: =IFERROR(__xludf.DUMMYFUNCTION("""COMPUTED_VALUE"""),"Selesai") -> Selesai
A82: 81 | B82: =IFERROR(__xludf.DUMMYFUNCTION("""COMPUTED_VALUE"""),"Menjahit Pakaian Wanita Dewasa") -> Menjahit Pakaian Wanita Dewasa | C82: =IFERROR(__xludf.DUMMYFUNCTION("""COMPUTED_VALUE"""),"SMK Negeri 3 Muna") -> SMK Negeri 3 Muna | F82: =IFERROR(__xludf.DUMMYFUNCTION("""COMPUTED_VALUE"""),"SEYILA NULINGO") -> SEYILA NULINGO | G82: =IFERROR(__xludf.DUMMYFUNCTION("""COMPUTED_VALUE"""),"7201087008070001") -> 7201087008070001 | J82: =IFERROR(__xludf.DUMMYFUNCTION("""COMPUTED_VALUE"""),"PEREMPUAN") -> PEREMPUAN | K82: =IFERROR(__xludf.DUMMYFUNCTION("""COMPUTED_VALUE"""),"Jl.lumba-lumba lorong sinar las") -> Jl.lumba-lumba lorong sinar las | N82: =IFERROR(__xludf.DUMMYFUNCTION("""COMPUTED_VALUE"""),"SMA / SMK / MA") -> SMA / SMK / MA | R82: =IFERROR(__xludf.DUMMYFUNCTION("""COMPUTED_VALUE"""),"K") -> K | S82: =IFERROR(__xludf.DUMMYFUNCTION("""COMPUTED_VALUE"""),"Selesai") -> Selesai
A83: 82 | B83: =IFERROR(__xludf.DUMMYFUNCTION("""COMPUTED_VALUE"""),"Menjahit Pakaian Wanita Dewasa") -> Menjahit Pakaian Wanita Dewasa | C83: =IFERROR(__xludf.DUMMYFUNCTION("""COMPUTED_VALUE"""),"SMK Negeri 3 Muna") -> SMK Negeri 3 Muna | F83: =IFERROR(__xludf.DUMMYFUNCTION("""COMPUTED_VALUE"""),"SITI NUR AISYAH") -> SITI NUR AISYAH | G83: =IFERROR(__xludf.DUMMYFUNCTION("""COMPUTED_VALUE"""),"7403207004080002") -> 7403207004080002 | J83: =IFERROR(__xludf.DUMMYFUNCTION("""COMPUTED_VALUE"""),"PEREMPUAN") -> PEREMPUAN | K83: =IFERROR(__xludf.DUMMYFUNCTION("""COMPUTED_VALUE"""),"Desa Masalili Kecamatan Kontunaga") -> Desa Masalili Kecamatan Kontunaga | N83: =IFERROR(__xludf.DUMMYFUNCTION("""COMPUTED_VALUE"""),"SMA / SMK / MA") -> SMA / SMK / MA | R83: =IFERROR(__xludf.DUMMYFUNCTION("""COMPUTED_VALUE"""),"K") -> K | S83: =IFERROR(__xludf.DUMMYFUNCTION("""COMPUTED_VALUE"""),"Selesai") -> Selesai
A84: 83 | B84: =IFERROR(__xludf.DUMMYFUNCTION("""COMPUTED_VALUE"""),"Menjahit Pakaian Wanita Dewasa") -> Menjahit Pakaian Wanita Dewasa | C84: =IFERROR(__xludf.DUMMYFUNCTION("""COMPUTED_VALUE"""),"SMK Negeri 3 Muna") -> SMK Negeri 3 Muna | F84: =IFERROR(__xludf.DUMMYFUNCTION("""COMPUTED_VALUE"""),"SRI WAHYU ANNISA") -> SRI WAHYU ANNISA | G84: =IFERROR(__xludf.DUMMYFUNCTION("""COMPUTED_VALUE"""),"7403155210080001") -> 7403155210080001 | J84: =IFERROR(__xludf.DUMMYFUNCTION("""COMPUTED_VALUE"""),"PEREMPUAN") -> PEREMPUAN | K84: =IFERROR(__xludf.DUMMYFUNCTION("""COMPUTED_VALUE"""),"Jalan Wirabuana Desa Wawesa") -> Jalan Wirabuana Desa Wawesa | N84: =IFERROR(__xludf.DUMMYFUNCTION("""COMPUTED_VALUE"""),"SMA / SMK / MA") -> SMA / SMK / MA | R84: =IFERROR(__xludf.DUMMYFUNCTION("""COMPUTED_VALUE"""),"K") -> K | S84: =IFERROR(__xludf.DUMMYFUNCTION("""COMPUTED_VALUE"""),"Selesai") -> Selesai
A85: 84 | B85: =IFERROR(__xludf.DUMMYFUNCTION("""COMPUTED_VALUE"""),"Menjahit Pakaian Wanita Dewasa") -> Menjahit Pakaian Wanita Dewasa | C85: =IFERROR(__xludf.DUMMYFUNCTION("""COMPUTED_VALUE"""),"SMK Negeri 3 Muna") -> SMK Negeri 3 Muna | F85: =IFERROR(__xludf.DUMMYFUNCTION("""COMPUTED_VALUE"""),"SYAKHILA THOMAS") -> SYAKHILA THOMAS | G85: =IFERROR(__xludf.DUMMYFUNCTION("""COMPUTED_VALUE"""),"7371114801080016") -> 7371114801080016 | J85: =IFERROR(__xludf.DUMMYFUNCTION("""COMPUTED_VALUE"""),"PEREMPUAN") -> PEREMPUAN | K85: =IFERROR(__xludf.DUMMYFUNCTION("""COMPUTED_VALUE"""),"Jalan Kihajar Dewantoro") -> Jalan Kihajar Dewantoro | N85: =IFERROR(__xludf.DUMMYFUNCTION("""COMPUTED_VALUE"""),"SMA / SMK / MA") -> SMA / SMK / MA | R85: =IFERROR(__xludf.DUMMYFUNCTION("""COMPUTED_VALUE"""),"K") -> K | S85: =IFERROR(__xludf.DUMMYFUNCTION("""COMPUTED_VALUE"""),"Selesai") -> Selesai
A86: 85 | B86: =IFERROR(__xludf.DUMMYFUNCTION("""COMPUTED_VALUE"""),"Menjahit Pakaian Wanita Dewasa") -> Menjahit Pakaian Wanita Dewasa | C86: =IFERROR(__xludf.DUMMYFUNCTION("""COMPUTED_VALUE"""),"SMK Negeri 3 Muna") -> SMK Negeri 3 Muna | F86: =IFERROR(__xludf.DUMMYFUNCTION("""COMPUTED_VALUE"""),"SYELIKHA THOMAS") -> SYELIKHA THOMAS | G86: =IFERROR(__xludf.DUMMYFUNCTION("""COMPUTED_VALUE"""),"7371114801080015") -> 7371114801080015 | J86: =IFERROR(__xludf.DUMMYFUNCTION("""COMPUTED_VALUE"""),"PEREMPUAN") -> PEREMPUAN | K86: =IFERROR(__xludf.DUMMYFUNCTION("""COMPUTED_VALUE"""),"Jl. Kihajar Dewantoro") -> Jl. Kihajar Dewantoro | N86: =IFERROR(__xludf.DUMMYFUNCTION("""COMPUTED_VALUE"""),"SMA / SMK / MA") -> SMA / SMK / MA | R86: =IFERROR(__xludf.DUMMYFUNCTION("""COMPUTED_VALUE"""),"K") -> K | S86: =IFERROR(__xludf.DUMMYFUNCTION("""COMPUTED_VALUE"""),"Selesai") -> Selesai
A87: 86 | B87: =IFERROR(__xludf.DUMMYFUNCTION("""COMPUTED_VALUE"""),"Menjahit Pakaian Wanita Dewasa") -> Menjahit Pakaian Wanita Dewasa | C87: =IFERROR(__xludf.DUMMYFUNCTION("""COMPUTED_VALUE"""),"SMK Negeri 3 Muna") -> SMK Negeri 3 Muna | F87: =IFERROR(__xludf.DUMMYFUNCTION("""COMPUTED_VALUE"""),"TSARWAH") -> TSARWAH | G87: =IFERROR(__xludf.DUMMYFUNCTION("""COMPUTED_VALUE"""),"7403024106080001") -> 7403024106080001 | J87: =IFERROR(__xludf.DUMMYFUNCTION("""COMPUTED_VALUE"""),"PEREMPUAN") -> PEREMPUAN | K87: =IFERROR(__xludf.DUMMYFUNCTION("""COMPUTED_VALUE"""),"Desa Langku-Langku") -> Desa Langku-Langku | N87: =IFERROR(__xludf.DUMMYFUNCTION("""COMPUTED_VALUE"""),"SMA / SMK / MA") -> SMA / SMK / MA | R87: =IFERROR(__xludf.DUMMYFUNCTION("""COMPUTED_VALUE"""),"K") -> K | S87: =IFERROR(__xludf.DUMMYFUNCTION("""COMPUTED_VALUE"""),"Selesai") -> Selesai
A88: 87 | B88: =IFERROR(__xludf.DUMMYFUNCTION("""COMPUTED_VALUE"""),"Menjahit Pakaian Wanita Dewasa") -> Menjahit Pakaian Wanita Dewasa | C88: =IFERROR(__xludf.DUMMYFUNCTION("""COMPUTED_VALUE"""),"SMK Negeri 3 Muna") -> SMK Negeri 3 Muna | F88: =IFERROR(__xludf.DUMMYFUNCTION("""COMPUTED_VALUE"""),"WA AISYA") -> WA AISYA | G88: =IFERROR(__xludf.DUMMYFUNCTION("""COMPUTED_VALUE"""),"9203015606080001") -> 9203015606080001 | J88: =IFERROR(__xludf.DUMMYFUNCTION("""COMPUTED_VALUE"""),"PEREMPUAN") -> PEREMPUAN | K88: =IFERROR(__xludf.DUMMYFUNCTION("""COMPUTED_VALUE"""),"Desa Lohia") -> Desa Lohia | N88: =IFERROR(__xludf.DUMMYFUNCTION("""COMPUTED_VALUE"""),"SMA / SMK / MA") -> SMA / SMK / MA | R88: =IFERROR(__xludf.DUMMYFUNCTION("""COMPUTED_VALUE"""),"K") -> K | S88: =IFERROR(__xludf.DUMMYFUNCTION("""COMPUTED_VALUE"""),"Selesai") -> Selesai
A89: 88 | B89: =IFERROR(__xludf.DUMMYFUNCTION("""COMPUTED_VALUE"""),"Menjahit Pakaian Wanita Dewasa") -> Menjahit Pakaian Wanita Dewasa | C89: =IFERROR(__xludf.DUMMYFUNCTION("""COMPUTED_VALUE"""),"SMK Negeri 3 Muna") -> SMK Negeri 3 Muna | F89: =IFERROR(__xludf.DUMMYFUNCTION("""COMPUTED_VALUE"""),"WA ODE NUR VAUZIA") -> WA ODE NUR VAUZIA | G89: =IFERROR(__xludf.DUMMYFUNCTION("""COMPUTED_VALUE"""),"7403155309080001") -> 7403155309080001 | J89: =IFERROR(__xludf.DUMMYFUNCTION("""COMPUTED_VALUE"""),"PEREMPUAN") -> PEREMPUAN | K89: =IFERROR(__xludf.DUMMYFUNCTION("""COMPUTED_VALUE"""),"-") -> - | N89: =IFERROR(__xludf.DUMMYFUNCTION("""COMPUTED_VALUE"""),"SMA / SMK / MA") -> SMA / SMK / MA | R89: =IFERROR(__xludf.DUMMYFUNCTION("""COMPUTED_VALUE"""),"K") -> K | S89: =IFERROR(__xludf.DUMMYFUNCTION("""COMPUTED_VALUE"""),"Selesai") -> Selesai
A90: 89 | B90: =IFERROR(__xludf.DUMMYFUNCTION("""COMPUTED_VALUE"""),"Menjahit Pakaian Wanita Dewasa") -> Menjahit Pakaian Wanita Dewasa | C90: =IFERROR(__xludf.DUMMYFUNCTION("""COMPUTED_VALUE"""),"SMK Negeri 3 Muna") -> SMK Negeri 3 Muna | F90: =IFERROR(__xludf.DUMMYFUNCTION("""COMPUTED_VALUE"""),"WA ODE SITI MAGG FIRO") -> WA ODE SITI MAGG FIRO | G90: =IFERROR(__xludf.DUMMYFUNCTION("""COMPUTED_VALUE"""),"7403244402080002") -> 7403244402080002 | J90: =IFERROR(__xludf.DUMMYFUNCTION("""COMPUTED_VALUE"""),"PEREMPUAN") -> PEREMPUAN | K90: =IFERROR(__xludf.DUMMYFUNCTION("""COMPUTED_VALUE"""),"Labora I") -> Labora I | N90: =IFERROR(__xludf.DUMMYFUNCTION("""COMPUTED_VALUE"""),"SMA / SMK / MA") -> SMA / SMK / MA | R90: =IFERROR(__xludf.DUMMYFUNCTION("""COMPUTED_VALUE"""),"K") -> K | S90: =IFERROR(__xludf.DUMMYFUNCTION("""COMPUTED_VALUE"""),"Selesai") -> Selesai
A91: 90 | B91: =IFERROR(__xludf.DUMMYFUNCTION("""COMPUTED_VALUE"""),"Menjahit Pakaian Wanita Dewasa") -> Menjahit Pakaian Wanita Dewasa | C91: =IFERROR(__xludf.DUMMYFUNCTION("""COMPUTED_VALUE"""),"SMK Negeri 3 Muna") -> SMK Negeri 3 Muna | F91: =IFERROR(__xludf.DUMMYFUNCTION("""COMPUTED_VALUE"""),"WA ODE SITI NUR INDAH") -> WA ODE SITI NUR INDAH | G91: =IFERROR(__xludf.DUMMYFUNCTION("""COMPUTED_VALUE"""),"7403157004080001") -> 7403157004080001 | J91: =IFERROR(__xludf.DUMMYFUNCTION("""COMPUTED_VALUE"""),"PEREMPUAN") -> PEREMPUAN | K91: =IFERROR(__xludf.DUMMYFUNCTION("""COMPUTED_VALUE"""),"-") -> - | N91: =IFERROR(__xludf.DUMMYFUNCTION("""COMPUTED_VALUE"""),"SMA / SMK / MA") -> SMA / SMK / MA | R91: =IFERROR(__xludf.DUMMYFUNCTION("""COMPUTED_VALUE"""),"K") -> K | S91: =IFERROR(__xludf.DUMMYFUNCTION("""COMPUTED_VALUE"""),"Selesai") -> Selesai
A92: 91 | B92: =IFERROR(__xludf.DUMMYFUNCTION("""COMPUTED_VALUE"""),"Menjahit Pakaian Wanita Dewasa") -> Menjahit Pakaian Wanita Dewasa | C92: =IFERROR(__xludf.DUMMYFUNCTION("""COMPUTED_VALUE"""),"SMK Negeri 3 Muna") -> SMK Negeri 3 Muna | F92: =IFERROR(__xludf.DUMMYFUNCTION("""COMPUTED_VALUE"""),"WA ODE ULFINA") -> WA ODE ULFINA | G92: =IFERROR(__xludf.DUMMYFUNCTION("""COMPUTED_VALUE"""),"7403186203080002") -> 7403186203080002 | J92: =IFERROR(__xludf.DUMMYFUNCTION("""COMPUTED_VALUE"""),"PEREMPUAN") -> PEREMPUAN | K92: =IFERROR(__xludf.DUMMYFUNCTION("""COMPUTED_VALUE"""),"Jl. Kancil") -> Jl. Kancil | N92: =IFERROR(__xludf.DUMMYFUNCTION("""COMPUTED_VALUE"""),"SMA / SMK / MA") -> SMA / SMK / MA | R92: =IFERROR(__xludf.DUMMYFUNCTION("""COMPUTED_VALUE"""),"K") -> K | S92: =IFERROR(__xludf.DUMMYFUNCTION("""COMPUTED_VALUE"""),"Selesai") -> Selesai
A93: 92 | B93: =IFERROR(__xludf.DUMMYFUNCTION("""COMPUTED_VALUE"""),"Menjahit Pakaian Wanita Dewasa") -> Menjahit Pakaian Wanita Dewasa | C93: =IFERROR(__xludf.DUMMYFUNCTION("""COMPUTED_VALUE"""),"SMK Negeri 3 Muna") -> SMK Negeri 3 Muna | F93: =IFERROR(__xludf.DUMMYFUNCTION("""COMPUTED_VALUE"""),"WA DO ADEODATA") -> WA DO ADEODATA | G93: =IFERROR(__xludf.DUMMYFUNCTION("""COMPUTED_VALUE"""),"7403224905080001") -> 7403224905080001 | J93: =IFERROR(__xludf.DUMMYFUNCTION("""COMPUTED_VALUE"""),"PEREMPUAN") -> PEREMPUAN | K93: =IFERROR(__xludf.DUMMYFUNCTION("""COMPUTED_VALUE"""),"Jl. Jendral Sudirman No. 8") -> Jl. Jendral Sudirman No. 8 | N93: =IFERROR(__xludf.DUMMYFUNCTION("""COMPUTED_VALUE"""),"SMA / SMK / MA") -> SMA / SMK / MA | R93: =IFERROR(__xludf.DUMMYFUNCTION("""COMPUTED_VALUE"""),"K") -> K | S93: =IFERROR(__xludf.DUMMYFUNCTION("""COMPUTED_VALUE"""),"Selesai") -> Selesai
A94: 93 | B94: =IFERROR(__xludf.DUMMYFUNCTION("""COMPUTED_VALUE"""),"Menjahit Pakaian Wanita Dewasa") -> Menjahit Pakaian Wanita Dewasa | C94: =IFERROR(__xludf.DUMMYFUNCTION("""COMPUTED_VALUE"""),"SMK Negeri 3 Muna") -> SMK Negeri 3 Muna | F94: =IFERROR(__xludf.DUMMYFUNCTION("""COMPUTED_VALUE"""),"WULANDARI") -> WULANDARI | G94: =IFERROR(__xludf.DUMMYFUNCTION("""COMPUTED_VALUE"""),"7403185009080002") -> 7403185009080002 | J94: =IFERROR(__xludf.DUMMYFUNCTION("""COMPUTED_VALUE"""),"PEREMPUAN") -> PEREMPUAN | K94: =IFERROR(__xludf.DUMMYFUNCTION("""COMPUTED_VALUE"""),"Desa Korihi") -> Desa Korihi | N94: =IFERROR(__xludf.DUMMYFUNCTION("""COMPUTED_VALUE"""),"SMA / SMK / MA") -> SMA / SMK / MA | R94: =IFERROR(__xludf.DUMMYFUNCTION("""COMPUTED_VALUE"""),"K") -> K | S94: =IFERROR(__xludf.DUMMYFUNCTION("""COMPUTED_VALUE"""),"Selesai") -> Selesai
A95: 94 | B95: =IFERROR(__xludf.DUMMYFUNCTION("""COMPUTED_VALUE"""),"Menjahit Pakaian Wanita Dewasa") -> Menjahit Pakaian Wanita Dewasa | C95: =IFERROR(__xludf.DUMMYFUNCTION("""COMPUTED_VALUE"""),"SMK Negeri 3 Muna") -> SMK Negeri 3 Muna | F95: =IFERROR(__xludf.DUMMYFUNCTION("""COMPUTED_VALUE"""),"YOSEFAMO RENANDRO MEDA") -> YOSEFAMO RENANDRO MEDA | G95: =IFERROR(__xludf.DUMMYFUNCTION("""COMPUTED_VALUE"""),"7404075903080001") -> 7404075903080001 | J95: =IFERROR(__xludf.DUMMYFUNCTION("""COMPUTED_VALUE"""),"PEREMPUAN") -> PEREMPUAN | K95: =IFERROR(__xludf.DUMMYFUNCTION("""COMPUTED_VALUE"""),"Jalan Jenderal Sudirman") -> Jalan Jenderal Sudirman | N95: =IFERROR(__xludf.DUMMYFUNCTION("""COMPUTED_VALUE"""),"SMA / SMK / MA") -> SMA / SMK / MA | R95: =IFERROR(__xludf.DUMMYFUNCTION("""COMPUTED_VALUE"""),"K") -> K | S95: =IFERROR(__xludf.DUMMYFUNCTION("""COMPUTED_VALUE"""),"Selesai") -> Selesai
A96: 95 | B96: =IFERROR(__xludf.DUMMYFUNCTION("""COMPUTED_VALUE"""),"Menjahit Pakaian Wanita Dewasa") -> Menjahit Pakaian Wanita Dewasa | C96: =IFERROR(__xludf.DUMMYFUNCTION("""COMPUTED_VALUE"""),"SMK Negeri 3 Muna") -> SMK Negeri 3 Muna | F96: =IFERROR(__xludf.DUMMYFUNCTION("""COMPUTED_VALUE"""),"ZAHRA OCTAVIA BURANSA") -> ZAHRA OCTAVIA BURANSA | G96: =IFERROR(__xludf.DUMMYFUNCTION("""COMPUTED_VALUE"""),"7403155610080001") -> 7403155610080001 | J96: =IFERROR(__xludf.DUMMYFUNCTION("""COMPUTED_VALUE"""),"PEREMPUAN") -> PEREMPUAN | K96: =IFERROR(__xludf.DUMMYFUNCTION("""COMPUTED_VALUE"""),"Desa Lasalepa") -> Desa Lasalepa | N96: =IFERROR(__xludf.DUMMYFUNCTION("""COMPUTED_VALUE"""),"SMA / SMK / MA") -> SMA / SMK / MA | R96: =IFERROR(__xludf.DUMMYFUNCTION("""COMPUTED_VALUE"""),"K") -> K | S96: =IFERROR(__xludf.DUMMYFUNCTION("""COMPUTED_VALUE"""),"Selesai") -> Selesai
A97: 96 | B97: =IFERROR(__xludf.DUMMYFUNCTION("""COMPUTED_VALUE"""),"Menjahit Pakaian Wanita Dewasa") -> Menjahit Pakaian Wanita Dewasa | C97: =IFERROR(__xludf.DUMMYFUNCTION("""COMPUTED_VALUE"""),"SMK Negeri 3 Muna") -> SMK Negeri 3 Muna | F97: =IFERROR(__xludf.DUMMYFUNCTION("""COMPUTED_VALUE"""),"ZAHRA WARDANI") -> ZAHRA WARDANI | G97: =IFERROR(__xludf.DUMMYFUNCTION("""COMPUTED_VALUE"""),"7403106212070201") -> 7403106212070201 | J97: =IFERROR(__xludf.DUMMYFUNCTION("""COMPUTED_VALUE"""),"PEREMPUAN") -> PEREMPUAN | K97: =IFERROR(__xludf.DUMMYFUNCTION("""COMPUTED_VALUE"""),"Jln. Wirabuana, Desa Wawesa") -> Jln. Wirabuana, Desa Wawesa | N97: =IFERROR(__xludf.DUMMYFUNCTION("""COMPUTED_VALUE"""),"SMA / SMK / MA") -> SMA / SMK / MA | R97: =IFERROR(__xludf.DUMMYFUNCTION("""COMPUTED_VALUE"""),"K") -> K | S97: =IFERROR(__xludf.DUMMYFUNCTION("""COMPUTED_VALUE"""),"Selesai") -> Selesai
A98: 97 | B98: =IFERROR(__xludf.DUMMYFUNCTION("""COMPUTED_VALUE"""),"Menjahit Pakaian Wanita Dewasa") -> Menjahit Pakaian Wanita Dewasa | C98: =IFERROR(__xludf.DUMMYFUNCTION("""COMPUTED_VALUE"""),"SMK Negeri 3 Muna") -> SMK Negeri 3 Muna | F98: =IFERROR(__xludf.DUMMYFUNCTION("""COMPUTED_VALUE"""),"SITTI SUKARWIN") -> SITTI SUKARWIN | G98: =IFERROR(__xludf.DUMMYFUNCTION("""COMPUTED_VALUE"""),"7403156706770001") -> 7403156706770001 | J98: =IFERROR(__xludf.DUMMYFUNCTION("""COMPUTED_VALUE"""),"PEREMPUAN") -> PEREMPUAN | K98: =IFERROR(__xludf.DUMMYFUNCTION("""COMPUTED_VALUE"""),"Jl. Kartika, Kelurahan Sidodar, Kec. Batalaiworu, Kab. Muna") -> Jl. Kartika, Kelurahan Sidodar, Kec. Batalaiworu, Kab. Muna | N98: =IFERROR(__xludf.DUMMYFUNCTION("""COMPUTED_VALUE"""),"SMA / SMK / MA") -> SMA / SMK / MA | R98: =IFERROR(__xludf.DUMMYFUNCTION("""COMPUTED_VALUE"""),"K") -> K | S98: =IFERROR(__xludf.DUMMYFUNCTION("""COMPUTED_VALUE"""),"Selesai") -> Selesai
A99: 98 | B99: =IFERROR(__xludf.DUMMYFUNCTION("""COMPUTED_VALUE"""),"Menjahit Pakaian Wanita Dewasa") -> Menjahit Pakaian Wanita Dewasa | C99: =IFERROR(__xludf.DUMMYFUNCTION("""COMPUTED_VALUE"""),"SMK Negeri 3 Muna") -> SMK Negeri 3 Muna | F99: =IFERROR(__xludf.DUMMYFUNCTION("""COMPUTED_VALUE"""),"LISRATINI") -> LISRATINI | G99: =IFERROR(__xludf.DUMMYFUNCTION("""COMPUTED_VALUE"""),"7403166104830001") -> 7403166104830001 | J99: =IFERROR(__xludf.DUMMYFUNCTION("""COMPUTED_VALUE"""),"PEREMPUAN") -> PEREMPUAN | K99: =IFERROR(__xludf.DUMMYFUNCTION("""COMPUTED_VALUE"""),"Jl. Sawerigading") -> Jl. Sawerigading | N99: =IFERROR(__xludf.DUMMYFUNCTION("""COMPUTED_VALUE"""),"SMA / SMK / MA") -> SMA / SMK / MA | R99: =IFERROR(__xludf.DUMMYFUNCTION("""COMPUTED_VALUE"""),"K") -> K | S99: =IFERROR(__xludf.DUMMYFUNCTION("""COMPUTED_VALUE"""),"Selesai") -> Selesai
A100: 99 | B100: =IFERROR(__xludf.DUMMYFUNCTION("""COMPUTED_VALUE"""),"Menjahit Pakaian Wanita Dewasa") -> Menjahit Pakaian Wanita Dewasa | C100: =IFERROR(__xludf.DUMMYFUNCTION("""COMPUTED_VALUE"""),"SMK Negeri 3 Muna") -> SMK Negeri 3 Muna | F100: =IFERROR(__xludf.DUMMYFUNCTION("""COMPUTED_VALUE"""),"FAUZIA BAGI") -> FAUZIA BAGI | G100: =IFERROR(__xludf.DUMMYFUNCTION("""COMPUTED_VALUE"""),"7403194305740201") -> 7403194305740201 | J100: =IFERROR(__xludf.DUMMYFUNCTION("""COMPUTED_VALUE"""),"PEREMPUAN") -> PEREMPUAN | K100: =IFERROR(__xludf.DUMMYFUNCTION("""COMPUTED_VALUE"""),"Jln. Lumba-Lumba") -> Jln. Lumba-Lumba | N100: =IFERROR(__xludf.DUMMYFUNCTION("""COMPUTED_VALUE"""),"SMA / SMK / MA") -> SMA / SMK / MA | R100: =IFERROR(__xludf.DUMMYFUNCTION("""COMPUTED_VALUE"""),"K") -> K | S100: =IFERROR(__xludf.DUMMYFUNCTION("""COMPUTED_VALUE"""),"Selesai") -> Selesai
...

Sheet RingkasanSertifikasi
J1: Skema | K1: Jumlah Peserta | L1: Lulus | M1: Tidak Lulus
F2: =sum(E4:F7) -> 434 | H2: =sum(H4:H9) -> 822 | J2: {=(unique(Sertifikasi!B2:B982))} -> Merias Wajah | K2: {=IF(J2:J982 = "", "", COUNTIF(Sertifikasi!$B$2:$B982, J2:J982) )} -> 96 | L2: {=if(isblank(J2:J982),"",countifs(Sertifikasi!B2:B982,J2:J982,Sertifikasi!R2:R982,"K"))} -> 93 | M2: {=if(isblank(J2:J982),"",countifs(Sertifikasi!B2:B982,J2:J982,Sertifikasi!R2:R982,"BK"))} -> 3
A3: Peserta | B3: Total | C3: TUK | D3: RINCIAN | E3: Lulus UJK | F3: Tidak Lulus UJK | G3: =IFERROR(__xludf.DUMMYFUNCTION("QUERY(Sertifikasi!N2:N982, ""select N, count(N) where N is not null group by N label N 'Pendidikan', count(N) 'Jumlah Peserta'"", 0)"),"Pendidikan") -> Pendidikan | H3: =IFERROR(__xludf.DUMMYFUNCTION("""COMPUTED_VALUE"""),"Jumlah Peserta") -> Jumlah Peserta | J3: Desainer Grafis Muda | K3: 137 | L3: 125 | M3: 12
A4: Laki-Laki | B4: =COUNTIF(Sertifikasi!J2:J982,"LAKI-LAKI") -> 677 | C4: {=IF(LEN(D4:D982) = 0, "", IF(LEFT(D4:D982, 3) = "BLK", "BLK/BLKK", IF(LEFT(D4:D982, 4) = "BPVP", "BPVP KENDARI", "KERJASAMA" ) ) )} -> KERJASAMA | D4: {=unique(Sertifikasi!C2:C982)} -> SMK Negeri 3 Muna | E4: {=if(isblank(D4:D982),"",countifs(Sertifikasi!C2:C982,D4:D982,Sertifikasi!R2:R982,"K"))} -> 110 | F4: {=if(isblank(D4:D982),"",countifs(Sertifikasi!C2:C982,D4:D982,Sertifikasi!R2:R982,"BK"))} -> 0 | G4: =IFERROR(__xludf.DUMMYFUNCTION("""COMPUTED_VALUE"""),"SMA / SMK / MA") -> SMA / SMK / MA | H4: =IFERROR(__xludf.DUMMYFUNCTION("""COMPUTED_VALUE"""),822.0) -> 822 | J4: Menjahit Pakaian Wanita Dewasa | K4: 66 | L4: 66 | M4: 0
A5: Perempuan | B5: =COUNTIF(Sertifikasi!J2:J982,"PEREMPUAN") -> 781 | C5: KERJASAMA | D5: SMK Negeri 2 Kendari | E5: 76 | F5: 43 | J5: Pembuatan Roti dan Kue | K5: 34 | L5: 34 | M5: 0
A6: Sertifikat Sudah Dicetak | B6: =COUNTIF(Sertifikasi!S2:S982,"Selesai") -> 133 | C6: KERJASAMA | D6: SMK Negeri 6 Kendari | E6: 83 | F6: 4 | J6: Pemeliharaan Kendaraan Ringan Sistem Injeksi | K6: 90 | L6: 76 | M6: 14
A7: Lulus UJK | B7: =COUNTIF(Sertifikasi!R2:R982, "K") -> 1268 | C7: KERJASAMA | D7: SMK Negeri 1 Kendari | E7: 112 | F7: 6 | J7: Merakit Komponen Fabrikasi | K7: 68 | L7: 31 | M7: 37
A8: Belum Lulus UJK | B8: =COUNTIF(Sertifikasi!R2:R982, "BK") -> 187 | C8: KERJASAMA | D8: SMK Negeri 4 Kendari | E8: 45 | F8: 11 | J8: Pemasangan Pembangkit Listrik Tenaga Surya Off-Grid | K8: 38 | L8: 23 | M8: 15
A9: Total Peserta Terdaftar | B9: =COUNTA(Sertifikasi!F2:F982) -> 1459 | C9: KERJASAMA | D9: SMK Negeri 1 Muna | E9: 65 | F9: 1 | J9: Pemasangan Instalasi Listrik Bangunan Sederhana | K9: 46 | L9: 35 | M9: 11
C10: KERJASAMA | D10: SMK Negeri 2 Konawe | E10: 53 | F10: 5 | J10: Pemrograman Web | K10: 32 | L10: 32 | M10: 0
C11: KERJASAMA | D11: SMKS Kelautan dan Perikanan Raha | E11: 15 | F11: 18 | J11: Pengelola Administrasi Perkantoran | K11: 231 | L11: 223 | M11: 8
C12: KERJASAMA | D12: SMK Negeri 2 Kolaka | E12: 15 | F12: 13 | J12: Pemeliharaan Kendaraan Ringan Sistem Injeksi | K12: 58 | L12: 53 | M12: 5
C13: KERJASAMA | D13: SMK Negeri 2 Bombana | E13: 25 | F13: 0 | J13: Pengelolaan Administrasi Kantor Digital Berbasis Google Workspace | K13: 35 | L13: 33 | M13: 2
C14: KERJASAMA | D14: SMK Negeri 1 Bombana | E14: 19 | F14: 0 | J14: Computer Operator Assistant | K14: 49 | L14: 49 | M14: 0
C15: KERJASAMA | D15: SMK Negeri 1 Kolaka | E15: 60 | F15: 1 | J15: Pengelolaan Administrasi Perkantoraan | K15: 111 | L15: 110 | M15: 1
C16: KERJASAMA | D16: SMK Negeri 3 Kendari | E16: 26 | F16: 0 | J16: Analis Data (Data Analyst) | K16: 19 | L16: 19 | M16: 0
C17: KERJASAMA | D17: SMK Negeri 5 Kendari | E17: 16 | F17: 0 | J17: Petugas Keselamatan dan Kesehatan Kerja | K17: 16 | L17: 10 | M17: 6
C18: BLK/BLKK | D18: BLK Konawe Selatan | E18: 13 | F18: 3 | J18: Asisten Pengembangan Web (Assistant Web Developer) | K18: 14 | L18: 13 | M18: 1
C19: BPVP KENDARI | D19: BPVP Kendari | E19: 178 | F19: 14 | J19: Supervisor Sumber Daya Manusia | K19: 17 | L19: 17 | M19: 0
C20: BLK/BLKK | D20: BLK Kolaka | E20: 14 | F20: 0 | J20: Digital Marketing | K20: 3 | L20: 3 | M20: 0
J21: Pelayanan Pelanggan | K21: 41 | L21: 41 | M21: 0
J22: Penyusunan Laporan Keuangan Untuk Pemula | K22: 8 | L22: 8 | M22: 0
J23: Petugas Keselematan dan Kesehatan Kerja | K23: 60 | L23: 40 | M23: 20
J24: Perakitan Komponen Fabrikasi | K24: 54 | L24: 34 | M24: 18
J25: Pembuatan Desain Grafis | K25: 7 | L25: 6 | M25: 1
J26: Operator Komputer (Computer Operator | K26: 12 | L26: 12 | M26: 0
J27: Asisten Pembuat Pakaian | K27: 16 | L27: 13 | M27: 3
J28: Peracikan Minuman Kopi | K28: 12 | L28: 12 | M28: 0
J29: Produktivitas Jenjang 5 | K29: 50 | L29: 34 | M29: 16
J30: Pembuatan Konten Visual Untuk Media Sosial | K30: 12 | L30: 6 | M30: 6
J31: Pengoperasian Tools Generative AI Untuk Konten Digital dan Bisnis | K31: 13 | L31: 12 | M31: 1
J32: Service Sepeda Motor Injeksi | K32: 12 | L32: 5 | M32: 7

Sheet Penempatan
A1: No | B1: Kejuruan | C1: Jumlah Peserta Pelatihan | D1: Total Penempatan | E1: Ditempatkan / Bekerja | F1: Tidak Ditempatkan | G1: Berwirausaha | H1: Penempatan Dalam Kota Kendari | I1: Luar Kota Kendari / Sulawesi Tenggara | J1: Luar Sulawesi Tenggara | N1: No | O1: Nama Perusahaan | P1: Sektor | Q1: Jumlah Alumni Ditempatkan
A2: 1 | B2: =IFERROR(__xludf.DUMMYFUNCTION("IMPORTRANGE(""https://docs.google.com/spreadsheets/d/1d5jZRF54iX3SxYB3XXzNSD7tMPduQMIhRz21oSv_vsU/edit?gid=0#gid=0"",""Data Penempatan!B2:J200"")"),"Otomotif") -> Otomotif | C2: =IFERROR(__xludf.DUMMYFUNCTION("""COMPUTED_VALUE"""),207.0) -> 207 | D2: =IFERROR(__xludf.DUMMYFUNCTION("""COMPUTED_VALUE"""),50.0) -> 50 | E2: =IFERROR(__xludf.DUMMYFUNCTION("""COMPUTED_VALUE"""),50.0) -> 50 | F2: =IFERROR(__xludf.DUMMYFUNCTION("""COMPUTED_VALUE"""),157.0) -> 157 | G2: =IFERROR(__xludf.DUMMYFUNCTION("""COMPUTED_VALUE"""),0.0) -> 0 | H2: =IFERROR(__xludf.DUMMYFUNCTION("""COMPUTED_VALUE"""),0.0) -> 0 | I2: =IFERROR(__xludf.DUMMYFUNCTION("""COMPUTED_VALUE"""),"") | J2: =IFERROR(__xludf.DUMMYFUNCTION("""COMPUTED_VALUE"""),0.0) -> 0 | N2: {=sequence(100,1)} -> 1 | O2: =IFERROR(__xludf.DUMMYFUNCTION("IMPORTRANGE(""https://docs.google.com/spreadsheets/d/1d5jZRF54iX3SxYB3XXzNSD7tMPduQMIhRz21oSv_vsU/edit?usp=sharing"",""Data Penempatan!M2:O300"")"),"BANK MUAMALAT") -> BANK MUAMALAT | Q2: =IFERROR(__xludf.DUMMYFUNCTION("""COMPUTED_VALUE"""),2.0) -> 2
A3: 2 | B3: =IFERROR(__xludf.DUMMYFUNCTION("""COMPUTED_VALUE"""),"Tata Kecantikan") -> Tata Kecantikan | C3: =IFERROR(__xludf.DUMMYFUNCTION("""COMPUTED_VALUE"""),307.0) -> 307 | D3: =IFERROR(__xludf.DUMMYFUNCTION("""COMPUTED_VALUE"""),131.0) -> 131 | E3: =IFERROR(__xludf.DUMMYFUNCTION("""COMPUTED_VALUE"""),131.0) -> 131 | F3: =IFERROR(__xludf.DUMMYFUNCTION("""COMPUTED_VALUE"""),176.0) -> 176 | G3: =IFERROR(__xludf.DUMMYFUNCTION("""COMPUTED_VALUE"""),0.0) -> 0 | H3: =IFERROR(__xludf.DUMMYFUNCTION("""COMPUTED_VALUE"""),0.0) -> 0 | I3: =IFERROR(__xludf.DUMMYFUNCTION("""COMPUTED_VALUE"""),"") | J3: =IFERROR(__xludf.DUMMYFUNCTION("""COMPUTED_VALUE"""),0.0) -> 0 | N3: 2 | O3: =IFERROR(__xludf.DUMMYFUNCTION("""COMPUTED_VALUE"""),"CV Anugerah Bhakti Sentosa") -> CV Anugerah Bhakti Sentosa | Q3: =IFERROR(__xludf.DUMMYFUNCTION("""COMPUTED_VALUE"""),2.0) -> 2
A4: 3 | B4: =IFERROR(__xludf.DUMMYFUNCTION("""COMPUTED_VALUE"""),"Las") -> Las | C4: =IFERROR(__xludf.DUMMYFUNCTION("""COMPUTED_VALUE"""),117.0) -> 117 | D4: =IFERROR(__xludf.DUMMYFUNCTION("""COMPUTED_VALUE"""),56.0) -> 56 | E4: =IFERROR(__xludf.DUMMYFUNCTION("""COMPUTED_VALUE"""),56.0) -> 56 | F4: =IFERROR(__xludf.DUMMYFUNCTION("""COMPUTED_VALUE"""),61.0) -> 61 | G4: =IFERROR(__xludf.DUMMYFUNCTION("""COMPUTED_VALUE"""),0.0) -> 0 | H4: =IFERROR(__xludf.DUMMYFUNCTION("""COMPUTED_VALUE"""),0.0) -> 0 | I4: =IFERROR(__xludf.DUMMYFUNCTION("""COMPUTED_VALUE"""),"") | J4: =IFERROR(__xludf.DUMMYFUNCTION("""COMPUTED_VALUE"""),0.0) -> 0 | N4: 3 | O4: =IFERROR(__xludf.DUMMYFUNCTION("""COMPUTED_VALUE"""),"MUA") -> MUA | Q4: =IFERROR(__xludf.DUMMYFUNCTION("""COMPUTED_VALUE"""),12.0) -> 12
A5: 4 | B5: =IFERROR(__xludf.DUMMYFUNCTION("""COMPUTED_VALUE"""),"Teknologi Informasi Dan Komunikasi") -> Teknologi Informasi Dan Komunikasi | C5: =IFERROR(__xludf.DUMMYFUNCTION("""COMPUTED_VALUE"""),349.0) -> 349 | D5: =IFERROR(__xludf.DUMMYFUNCTION("""COMPUTED_VALUE"""),67.0) -> 67 | E5: =IFERROR(__xludf.DUMMYFUNCTION("""COMPUTED_VALUE"""),67.0) -> 67 | F5: =IFERROR(__xludf.DUMMYFUNCTION("""COMPUTED_VALUE"""),282.0) -> 282 | G5: =IFERROR(__xludf.DUMMYFUNCTION("""COMPUTED_VALUE"""),0.0) -> 0 | H5: =IFERROR(__xludf.DUMMYFUNCTION("""COMPUTED_VALUE"""),0.0) -> 0 | I5: =IFERROR(__xludf.DUMMYFUNCTION("""COMPUTED_VALUE"""),"") | J5: =IFERROR(__xludf.DUMMYFUNCTION("""COMPUTED_VALUE"""),0.0) -> 0 | N5: 4 | O5: =IFERROR(__xludf.DUMMYFUNCTION("""COMPUTED_VALUE"""),"Nail Art") -> Nail Art | Q5: =IFERROR(__xludf.DUMMYFUNCTION("""COMPUTED_VALUE"""),2.0) -> 2
A6: 5 | B6: =IFERROR(__xludf.DUMMYFUNCTION("""COMPUTED_VALUE"""),"Bisnis Dan Manajemen") -> Bisnis Dan Manajemen | C6: =IFERROR(__xludf.DUMMYFUNCTION("""COMPUTED_VALUE"""),294.0) -> 294 | D6: =IFERROR(__xludf.DUMMYFUNCTION("""COMPUTED_VALUE"""),56.0) -> 56 | E6: =IFERROR(__xludf.DUMMYFUNCTION("""COMPUTED_VALUE"""),56.0) -> 56 | F6: =IFERROR(__xludf.DUMMYFUNCTION("""COMPUTED_VALUE"""),238.0) -> 238 | G6: =IFERROR(__xludf.DUMMYFUNCTION("""COMPUTED_VALUE"""),0.0) -> 0 | H6: =IFERROR(__xludf.DUMMYFUNCTION("""COMPUTED_VALUE"""),0.0) -> 0 | I6: =IFERROR(__xludf.DUMMYFUNCTION("""COMPUTED_VALUE"""),"") | J6: =IFERROR(__xludf.DUMMYFUNCTION("""COMPUTED_VALUE"""),0.0) -> 0 | N6: 5 | O6: =IFERROR(__xludf.DUMMYFUNCTION("""COMPUTED_VALUE"""),"PT KIS Kendari") -> PT KIS Kendari | Q6: =IFERROR(__xludf.DUMMYFUNCTION("""COMPUTED_VALUE"""),2.0) -> 2
A7: 6 | B7: =IFERROR(__xludf.DUMMYFUNCTION("""COMPUTED_VALUE"""),"Listrik") -> Listrik | C7: =IFERROR(__xludf.DUMMYFUNCTION("""COMPUTED_VALUE"""),85.0) -> 85 | D7: =IFERROR(__xludf.DUMMYFUNCTION("""COMPUTED_VALUE"""),29.0) -> 29 | E7: =IFERROR(__xludf.DUMMYFUNCTION("""COMPUTED_VALUE"""),29.0) -> 29 | F7: =IFERROR(__xludf.DUMMYFUNCTION("""COMPUTED_VALUE"""),56.0) -> 56 | G7: =IFERROR(__xludf.DUMMYFUNCTION("""COMPUTED_VALUE"""),0.0) -> 0 | H7: =IFERROR(__xludf.DUMMYFUNCTION("""COMPUTED_VALUE"""),0.0) -> 0 | I7: =IFERROR(__xludf.DUMMYFUNCTION("""COMPUTED_VALUE"""),"") | J7: =IFERROR(__xludf.DUMMYFUNCTION("""COMPUTED_VALUE"""),0.0) -> 0 | N7: 6 | O7: =IFERROR(__xludf.DUMMYFUNCTION("""COMPUTED_VALUE"""),"PT. HBB") -> PT. HBB | Q7: =IFERROR(__xludf.DUMMYFUNCTION("""COMPUTED_VALUE"""),2.0) -> 2
A8: 7 | B8: =IFERROR(__xludf.DUMMYFUNCTION("""COMPUTED_VALUE"""),"Teknologi Pengolahan Agroindustri") -> Teknologi Pengolahan Agroindustri | C8: =IFERROR(__xludf.DUMMYFUNCTION("""COMPUTED_VALUE"""),266.0) -> 266 | D8: =IFERROR(__xludf.DUMMYFUNCTION("""COMPUTED_VALUE"""),71.0) -> 71 | E8: =IFERROR(__xludf.DUMMYFUNCTION("""COMPUTED_VALUE"""),71.0) -> 71 | F8: =IFERROR(__xludf.DUMMYFUNCTION("""COMPUTED_VALUE"""),195.0) -> 195 | G8: =IFERROR(__xludf.DUMMYFUNCTION("""COMPUTED_VALUE"""),0.0) -> 0 | H8: =IFERROR(__xludf.DUMMYFUNCTION("""COMPUTED_VALUE"""),0.0) -> 0 | I8: =IFERROR(__xludf.DUMMYFUNCTION("""COMPUTED_VALUE"""),"") | J8: =IFERROR(__xludf.DUMMYFUNCTION("""COMPUTED_VALUE"""),0.0) -> 0 | N8: 7 | O8: =IFERROR(__xludf.DUMMYFUNCTION("""COMPUTED_VALUE"""),"PT. IPIP") -> PT. IPIP | Q8: =IFERROR(__xludf.DUMMYFUNCTION("""COMPUTED_VALUE"""),7.0) -> 7
A9: 8 | B9: =IFERROR(__xludf.DUMMYFUNCTION("""COMPUTED_VALUE"""),"Fashion Technology") -> Fashion Technology | C9: =IFERROR(__xludf.DUMMYFUNCTION("""COMPUTED_VALUE"""),128.0) -> 128 | D9: =IFERROR(__xludf.DUMMYFUNCTION("""COMPUTED_VALUE"""),30.0) -> 30 | E9: =IFERROR(__xludf.DUMMYFUNCTION("""COMPUTED_VALUE"""),30.0) -> 30 | F9: =IFERROR(__xludf.DUMMYFUNCTION("""COMPUTED_VALUE"""),98.0) -> 98 | G9: =IFERROR(__xludf.DUMMYFUNCTION("""COMPUTED_VALUE"""),0.0) -> 0 | H9: =IFERROR(__xludf.DUMMYFUNCTION("""COMPUTED_VALUE"""),0.0) -> 0 | I9: =IFERROR(__xludf.DUMMYFUNCTION("""COMPUTED_VALUE"""),"") | J9: =IFERROR(__xludf.DUMMYFUNCTION("""COMPUTED_VALUE"""),0.0) -> 0 | N9: 8 | O9: =IFERROR(__xludf.DUMMYFUNCTION("""COMPUTED_VALUE"""),"PT. MBA") -> PT. MBA | Q9: =IFERROR(__xludf.DUMMYFUNCTION("""COMPUTED_VALUE"""),2.0) -> 2
A10: 9 | B10: =IFERROR(__xludf.DUMMYFUNCTION("""COMPUTED_VALUE"""),"Konstruksi") -> Konstruksi | C10: =IFERROR(__xludf.DUMMYFUNCTION("""COMPUTED_VALUE"""),12.0) -> 12 | D10: =IFERROR(__xludf.DUMMYFUNCTION("""COMPUTED_VALUE"""),7.0) -> 7 | E10: =IFERROR(__xludf.DUMMYFUNCTION("""COMPUTED_VALUE"""),7.0) -> 7 | F10: =IFERROR(__xludf.DUMMYFUNCTION("""COMPUTED_VALUE"""),5.0) -> 5 | G10: =IFERROR(__xludf.DUMMYFUNCTION("""COMPUTED_VALUE"""),0.0) -> 0 | H10: =IFERROR(__xludf.DUMMYFUNCTION("""COMPUTED_VALUE"""),0.0) -> 0 | I10: =IFERROR(__xludf.DUMMYFUNCTION("""COMPUTED_VALUE"""),"") | J10: =IFERROR(__xludf.DUMMYFUNCTION("""COMPUTED_VALUE"""),0.0) -> 0 | N10: 9 | O10: =IFERROR(__xludf.DUMMYFUNCTION("""COMPUTED_VALUE"""),"PT. Mitra Rajawali Perkasa") -> PT. Mitra Rajawali Perkasa | Q10: =IFERROR(__xludf.DUMMYFUNCTION("""COMPUTED_VALUE"""),2.0) -> 2
A11: 10 | B11: =IFERROR(__xludf.DUMMYFUNCTION("""COMPUTED_VALUE"""),"Processing") -> Processing | C11: =IFERROR(__xludf.DUMMYFUNCTION("""COMPUTED_VALUE"""),16.0) -> 16 | D11: =IFERROR(__xludf.DUMMYFUNCTION("""COMPUTED_VALUE"""),9.0) -> 9 | E11: =IFERROR(__xludf.DUMMYFUNCTION("""COMPUTED_VALUE"""),9.0) -> 9 | F11: =IFERROR(__xludf.DUMMYFUNCTION("""COMPUTED_VALUE"""),7.0) -> 7 | G11: =IFERROR(__xludf.DUMMYFUNCTION("""COMPUTED_VALUE"""),0.0) -> 0 | H11: =IFERROR(__xludf.DUMMYFUNCTION("""COMPUTED_VALUE"""),0.0) -> 0 | I11: =IFERROR(__xludf.DUMMYFUNCTION("""COMPUTED_VALUE"""),"") | J11: =IFERROR(__xludf.DUMMYFUNCTION("""COMPUTED_VALUE"""),0.0) -> 0 | N11: 10 | O11: =IFERROR(__xludf.DUMMYFUNCTION("""COMPUTED_VALUE"""),"SPPG") -> SPPG | Q11: =IFERROR(__xludf.DUMMYFUNCTION("""COMPUTED_VALUE"""),2.0) -> 2
A12: 11 | B12: =IFERROR(__xludf.DUMMYFUNCTION("""COMPUTED_VALUE"""),"Pariwisata") -> Pariwisata | C12: =IFERROR(__xludf.DUMMYFUNCTION("""COMPUTED_VALUE"""),142.0) -> 142 | D12: =IFERROR(__xludf.DUMMYFUNCTION("""COMPUTED_VALUE"""),87.0) -> 87 | E12: =IFERROR(__xludf.DUMMYFUNCTION("""COMPUTED_VALUE"""),87.0) -> 87 | F12: =IFERROR(__xludf.DUMMYFUNCTION("""COMPUTED_VALUE"""),55.0) -> 55 | G12: =IFERROR(__xludf.DUMMYFUNCTION("""COMPUTED_VALUE"""),0.0) -> 0 | H12: =IFERROR(__xludf.DUMMYFUNCTION("""COMPUTED_VALUE"""),0.0) -> 0 | I12: =IFERROR(__xludf.DUMMYFUNCTION("""COMPUTED_VALUE"""),"") | J12: =IFERROR(__xludf.DUMMYFUNCTION("""COMPUTED_VALUE"""),0.0) -> 0 | N12: 11 | P12: =IFERROR(__xludf.DUMMYFUNCTION("""COMPUTED_VALUE"""),"") | Q12: =IFERROR(__xludf.DUMMYFUNCTION("""COMPUTED_VALUE"""),"")
A13: 12 | B13: =IFERROR(__xludf.DUMMYFUNCTION("""COMPUTED_VALUE"""),"Pertanian") -> Pertanian | C13: =IFERROR(__xludf.DUMMYFUNCTION("""COMPUTED_VALUE"""),32.0) -> 32 | D13: =IFERROR(__xludf.DUMMYFUNCTION("""COMPUTED_VALUE"""),32.0) -> 32 | E13: =IFERROR(__xludf.DUMMYFUNCTION("""COMPUTED_VALUE"""),32.0) -> 32 | F13: =IFERROR(__xludf.DUMMYFUNCTION("""COMPUTED_VALUE"""),0.0) -> 0 | G13: =IFERROR(__xludf.DUMMYFUNCTION("""COMPUTED_VALUE"""),0.0) -> 0 | H13: =IFERROR(__xludf.DUMMYFUNCTION("""COMPUTED_VALUE"""),0.0) -> 0 | I13: =IFERROR(__xludf.DUMMYFUNCTION("""COMPUTED_VALUE"""),"") | J13: =IFERROR(__xludf.DUMMYFUNCTION("""COMPUTED_VALUE"""),0.0) -> 0 | N13: 12 | P13: =IFERROR(__xludf.DUMMYFUNCTION("""COMPUTED_VALUE"""),"") | Q13: =IFERROR(__xludf.DUMMYFUNCTION("""COMPUTED_VALUE"""),"")
A14: 13 | B14: =IFERROR(__xludf.DUMMYFUNCTION("""COMPUTED_VALUE"""),"Elektronika") -> Elektronika | C14: =IFERROR(__xludf.DUMMYFUNCTION("""COMPUTED_VALUE"""),16.0) -> 16 | D14: =IFERROR(__xludf.DUMMYFUNCTION("""COMPUTED_VALUE"""),1.0) -> 1 | E14: =IFERROR(__xludf.DUMMYFUNCTION("""COMPUTED_VALUE"""),1.0) -> 1 | F14: =IFERROR(__xludf.DUMMYFUNCTION("""COMPUTED_VALUE"""),15.0) -> 15 | G14: =IFERROR(__xludf.DUMMYFUNCTION("""COMPUTED_VALUE"""),0.0) -> 0 | H14: =IFERROR(__xludf.DUMMYFUNCTION("""COMPUTED_VALUE"""),0.0) -> 0 | I14: =IFERROR(__xludf.DUMMYFUNCTION("""COMPUTED_VALUE"""),"") | J14: =IFERROR(__xludf.DUMMYFUNCTION("""COMPUTED_VALUE"""),0.0) -> 0 | N14: 13 | P14: =IFERROR(__xludf.DUMMYFUNCTION("""COMPUTED_VALUE"""),"") | Q14: =IFERROR(__xludf.DUMMYFUNCTION("""COMPUTED_VALUE"""),"")
A15: 14 | B15: =IFERROR(__xludf.DUMMYFUNCTION("""COMPUTED_VALUE"""),"") | C15: =IFERROR(__xludf.DUMMYFUNCTION("""COMPUTED_VALUE"""),"") | D15: =IFERROR(__xludf.DUMMYFUNCTION("""COMPUTED_VALUE"""),"") | E15: =IFERROR(__xludf.DUMMYFUNCTION("""COMPUTED_VALUE"""),"") | F15: =IFERROR(__xludf.DUMMYFUNCTION("""COMPUTED_VALUE"""),"") | G15: =IFERROR(__xludf.DUMMYFUNCTION("""COMPUTED_VALUE"""),"") | H15: =IFERROR(__xludf.DUMMYFUNCTION("""COMPUTED_VALUE"""),"") | I15: =IFERROR(__xludf.DUMMYFUNCTION("""COMPUTED_VALUE"""),"") | J15: =IFERROR(__xludf.DUMMYFUNCTION("""COMPUTED_VALUE"""),"") | N15: 14 | P15: =IFERROR(__xludf.DUMMYFUNCTION("""COMPUTED_VALUE"""),"") | Q15: =IFERROR(__xludf.DUMMYFUNCTION("""COMPUTED_VALUE"""),"")
A16: 15 | C16: =IFERROR(__xludf.DUMMYFUNCTION("""COMPUTED_VALUE"""),"") | D16: =IFERROR(__xludf.DUMMYFUNCTION("""COMPUTED_VALUE"""),"") | E16: =IFERROR(__xludf.DUMMYFUNCTION("""COMPUTED_VALUE"""),"") | F16: =IFERROR(__xludf.DUMMYFUNCTION("""COMPUTED_VALUE"""),"") | G16: =IFERROR(__xludf.DUMMYFUNCTION("""COMPUTED_VALUE"""),"") | H16: =IFERROR(__xludf.DUMMYFUNCTION("""COMPUTED_VALUE"""),"") | I16: =IFERROR(__xludf.DUMMYFUNCTION("""COMPUTED_VALUE"""),"") | J16: =IFERROR(__xludf.DUMMYFUNCTION("""COMPUTED_VALUE"""),"") | N16: 15 | P16: =IFERROR(__xludf.DUMMYFUNCTION("""COMPUTED_VALUE"""),"") | Q16: =IFERROR(__xludf.DUMMYFUNCTION("""COMPUTED_VALUE"""),"")
A17: 16 | C17: =IFERROR(__xludf.DUMMYFUNCTION("""COMPUTED_VALUE"""),"") | D17: =IFERROR(__xludf.DUMMYFUNCTION("""COMPUTED_VALUE"""),"") | E17: =IFERROR(__xludf.DUMMYFUNCTION("""COMPUTED_VALUE"""),"") | F17: =IFERROR(__xludf.DUMMYFUNCTION("""COMPUTED_VALUE"""),"") | G17: =IFERROR(__xludf.DUMMYFUNCTION("""COMPUTED_VALUE"""),"") | H17: =IFERROR(__xludf.DUMMYFUNCTION("""COMPUTED_VALUE"""),"") | I17: =IFERROR(__xludf.DUMMYFUNCTION("""COMPUTED_VALUE"""),"") | J17: =IFERROR(__xludf.DUMMYFUNCTION("""COMPUTED_VALUE"""),"") | N17: 16 | P17: =IFERROR(__xludf.DUMMYFUNCTION("""COMPUTED_VALUE"""),"") | Q17: =IFERROR(__xludf.DUMMYFUNCTION("""COMPUTED_VALUE"""),"")
A18: 17 | C18: =IFERROR(__xludf.DUMMYFUNCTION("""COMPUTED_VALUE"""),"") | D18: =IFERROR(__xludf.DUMMYFUNCTION("""COMPUTED_VALUE"""),"") | E18: =IFERROR(__xludf.DUMMYFUNCTION("""COMPUTED_VALUE"""),"") | F18: =IFERROR(__xludf.DUMMYFUNCTION("""COMPUTED_VALUE"""),"") | G18: =IFERROR(__xludf.DUMMYFUNCTION("""COMPUTED_VALUE"""),"") | H18: =IFERROR(__xludf.DUMMYFUNCTION("""COMPUTED_VALUE"""),"") | I18: =IFERROR(__xludf.DUMMYFUNCTION("""COMPUTED_VALUE"""),"") | J18: =IFERROR(__xludf.DUMMYFUNCTION("""COMPUTED_VALUE"""),"") | N18: 17 | P18: =IFERROR(__xludf.DUMMYFUNCTION("""COMPUTED_VALUE"""),"") | Q18: =IFERROR(__xludf.DUMMYFUNCTION("""COMPUTED_VALUE"""),"")
A19: 18 | C19: =IFERROR(__xludf.DUMMYFUNCTION("""COMPUTED_VALUE"""),"") | D19: =IFERROR(__xludf.DUMMYFUNCTION("""COMPUTED_VALUE"""),"") | E19: =IFERROR(__xludf.DUMMYFUNCTION("""COMPUTED_VALUE"""),"") | F19: =IFERROR(__xludf.DUMMYFUNCTION("""COMPUTED_VALUE"""),"") | G19: =IFERROR(__xludf.DUMMYFUNCTION("""COMPUTED_VALUE"""),"") | H19: =IFERROR(__xludf.DUMMYFUNCTION("""COMPUTED_VALUE"""),"") | I19: =IFERROR(__xludf.DUMMYFUNCTION("""COMPUTED_VALUE"""),"") | J19: =IFERROR(__xludf.DUMMYFUNCTION("""COMPUTED_VALUE"""),"") | N19: 18 | P19: =IFERROR(__xludf.DUMMYFUNCTION("""COMPUTED_VALUE"""),"") | Q19: =IFERROR(__xludf.DUMMYFUNCTION("""COMPUTED_VALUE"""),"")
A20: 19 | C20: =IFERROR(__xludf.DUMMYFUNCTION("""COMPUTED_VALUE"""),"") | D20: =IFERROR(__xludf.DUMMYFUNCTION("""COMPUTED_VALUE"""),"") | E20: =IFERROR(__xludf.DUMMYFUNCTION("""COMPUTED_VALUE"""),"") | F20: =IFERROR(__xludf.DUMMYFUNCTION("""COMPUTED_VALUE"""),"") | G20: =IFERROR(__xludf.DUMMYFUNCTION("""COMPUTED_VALUE"""),"") | H20: =IFERROR(__xludf.DUMMYFUNCTION("""COMPUTED_VALUE"""),"") | I20: =IFERROR(__xludf.DUMMYFUNCTION("""COMPUTED_VALUE"""),"") | J20: =IFERROR(__xludf.DUMMYFUNCTION("""COMPUTED_VALUE"""),"") | N20: 19 | P20: =IFERROR(__xludf.DUMMYFUNCTION("""COMPUTED_VALUE"""),"") | Q20: =IFERROR(__xludf.DUMMYFUNCTION("""COMPUTED_VALUE"""),"")
A21: 20 | C21: =IFERROR(__xludf.DUMMYFUNCTION("""COMPUTED_VALUE"""),"") | D21: =IFERROR(__xludf.DUMMYFUNCTION("""COMPUTED_VALUE"""),"") | E21: =IFERROR(__xludf.DUMMYFUNCTION("""COMPUTED_VALUE"""),"") | F21: =IFERROR(__xludf.DUMMYFUNCTION("""COMPUTED_VALUE"""),"") | G21: =IFERROR(__xludf.DUMMYFUNCTION("""COMPUTED_VALUE"""),"") | H21: =IFERROR(__xludf.DUMMYFUNCTION("""COMPUTED_VALUE"""),"") | I21: =IFERROR(__xludf.DUMMYFUNCTION("""COMPUTED_VALUE"""),"") | J21: =IFERROR(__xludf.DUMMYFUNCTION("""COMPUTED_VALUE"""),"") | N21: 20 | P21: =IFERROR(__xludf.DUMMYFUNCTION("""COMPUTED_VALUE"""),"") | Q21: =IFERROR(__xludf.DUMMYFUNCTION("""COMPUTED_VALUE"""),"")
A22: 21 | C22: =IFERROR(__xludf.DUMMYFUNCTION("""COMPUTED_VALUE"""),"") | D22: =IFERROR(__xludf.DUMMYFUNCTION("""COMPUTED_VALUE"""),"") | E22: =IFERROR(__xludf.DUMMYFUNCTION("""COMPUTED_VALUE"""),"") | F22: =IFERROR(__xludf.DUMMYFUNCTION("""COMPUTED_VALUE"""),"") | G22: =IFERROR(__xludf.DUMMYFUNCTION("""COMPUTED_VALUE"""),"") | H22: =IFERROR(__xludf.DUMMYFUNCTION("""COMPUTED_VALUE"""),"") | I22: =IFERROR(__xludf.DUMMYFUNCTION("""COMPUTED_VALUE"""),"") | J22: =IFERROR(__xludf.DUMMYFUNCTION("""COMPUTED_VALUE"""),"") | N22: 21 | P22: =IFERROR(__xludf.DUMMYFUNCTION("""COMPUTED_VALUE"""),"") | Q22: =IFERROR(__xludf.DUMMYFUNCTION("""COMPUTED_VALUE"""),"")
A23: 22 | C23: =IFERROR(__xludf.DUMMYFUNCTION("""COMPUTED_VALUE"""),"") | D23: =IFERROR(__xludf.DUMMYFUNCTION("""COMPUTED_VALUE"""),"") | E23: =IFERROR(__xludf.DUMMYFUNCTION("""COMPUTED_VALUE"""),"") | F23: =IFERROR(__xludf.DUMMYFUNCTION("""COMPUTED_VALUE"""),"") | G23: =IFERROR(__xludf.DUMMYFUNCTION("""COMPUTED_VALUE"""),"") | H23: =IFERROR(__xludf.DUMMYFUNCTION("""COMPUTED_VALUE"""),"") | I23: =IFERROR(__xludf.DUMMYFUNCTION("""COMPUTED_VALUE"""),"") | J23: =IFERROR(__xludf.DUMMYFUNCTION("""COMPUTED_VALUE"""),"") | N23: 22 | P23: =IFERROR(__xludf.DUMMYFUNCTION("""COMPUTED_VALUE"""),"") | Q23: =IFERROR(__xludf.DUMMYFUNCTION("""COMPUTED_VALUE"""),"")
